video_id,comment_id,text,label,notes
45J0q2xi7Qk,UgyeLvwBh3Ulff7aRmx4AaABAg.AU0Y657LmaGAU0gLv45449,​@Rivan98EEUU financia genocidas como Israhell y negocia con otros dictadores. Les importa el petróleo. No las personas.,,
bHtI3lCm8wU,Ugzm_CoX9-OD_kp-dfJ4AaABAg,Mas bien acabó con toda la nación cubana,,
_he3Z-xUr3g,UgxSZj9FFo5EcbIZmAt4AaABAg,¡RACISTA! 🗣🔥🔥🔥🔥,,
bHtI3lCm8wU,Ugw2MZm6x4ufFiSeUkN4AaABAg,"Fuera como fuere, el mayor desarrollo económico de Cuba, y su modernización, ocurrió antes de 1959, con Batista",,
srH80O3G_uQ,UgzHkhPY55mSty_bByR4AaABAg,Ojalá sea catastrófico .,,
45J0q2xi7Qk,Ugw3FQPimA_Dr4MAOfd4AaABAg.AUOxIldObEnAUSzUJQaPGM,"Claro, es lindo defender a un régimen religioso fuera del país que controla...",,
2I6B6QSY7AA,UgyjNiUc0z1rFnL6cIV4AaABAg.ARho6gQf08xARzN-qZBoVK,En efecto ya no lo es,,
srH80O3G_uQ,UgzsKQWFm6IDuiDpGtZ4AaABAg.AU3VQ7_8wXDAU3Wh_g9Xqo,"Claro que es un hueso difícil de roer, claro que van a seguir contra atacando ambos bandos, esto no se acaba hasta que termine.",,
45J0q2xi7Qk,UgwGjDoBWC2lZB5z7rR4AaABAg,El islam es una secta que todo lo arruina como los peronchos .,,
45J0q2xi7Qk,UgyrbmovgOgs6xkinPh4AaABAg,Nadie es nadie para imponer régimen en un país .viva la democracia,,
_he3Z-xUr3g,UgzKd3zsPwVBY_8Dzw94AaABAg,"Si hay necesidad de explicar esto,estamos jodidos.",,
2I6B6QSY7AA,Ugwt0deo4PNK-yYeVAJ4AaABAg,Y se marchooooooo,,
srH80O3G_uQ,Ugwb6ueLBPQlOAKkhBp4AaABAg,"Ruzzarin, acabas de romper internet con este análisis. Eres una bestia, un titán, el puto rey del pensamiento crítico. Eres el Messi del entendimiento geopolítico, el hijo no abortado de Nietzsche + Marx + un poco de Pablo Escobar por el flow. Por billones de años luz eres el mesías que el mundo necesitaba para explicarnos por qué todo es culpa del imperio desde tu sillón ergonómico en NL. Por favor nunca pares, sin tus lives de 3 horas diciendo obviedades con cara de filósofo griego estaríamos perdidos. Abrazo solidario desde la clase obrera que no entiende ni madres de tus palabras de 5 sílabas.",,
srH80O3G_uQ,UgwJPf_GIVohq_bbLVJ4AaABAg,Ruzzarin dejo la filosofía barata y ahora es un genio militar denle su uniforme y su boina,,
bHtI3lCm8wU,UgyZyMnf3Dp4IuvfTWl4AaABAg,"Che loco,también lo hizo en Haití,el salvador Nicaragua México,etc,etc.?",,
45J0q2xi7Qk,UgzOmLq2wPpUklNg6U94AaABAg,Y COMO ERAN LOS EEUU ANTES DEL TRUMPETAS Y SUS GUERRAS?????????,,
srH80O3G_uQ,Ugx-fq5yGYvCUrMNyyZ4AaABAg,Gracias por esta información saludos,,
srH80O3G_uQ,UgyKijI8Q2dDyTrJcmR4AaABAg,Sus misiles basura ya penetraron el domo de hierro y destruyeron los radares de mil millones de los gringos y sionazis.,,
_he3Z-xUr3g,UgwYJHR3Qyr6aPGO2B14AaABAg.AUtwAUr17ggAUuC9Zu1qQt,También México 🇲🇽,,
_he3Z-xUr3g,UgzRnpGFKlG0f9xAimN4AaABAg.AUu29pU1y-yAUuE_lnMauB,Abrazos para Argentina 🇦🇷,,
45J0q2xi7Qk,UgzRF99hmI-Xs6i9D_R4AaABAg,ASI ACTUAN LOS  COMUNIZTAS  SÓLO  QUE EL TIEMPO  DEMUESTRA TODO LO CONTRARIO  Y FINALMENTE   TARDÉ  O TEMPRANO  SEVERAN LA CONCECESIAS  DE LOS QUE APOLLAN ALOS MALANDROS PERO  ESO LLEVA  SU TIEMPO  Y MEREN BIEN  CÓMO  SE LLEGA UN PAIS   ALA LARGA  ASU PROPIAS REPRESIÓN  POR  CREEN    EN EL GAÑO POR LO BISTO  HESTAVAN MEJOR ANTES CONTODO SUS LIMITASINES PERO  HESTAVAN MEJOR ANTES ESO PASA CUÁNDO  LOS ESTUPIDOS  VIVEN QUEJANDOCEN  Y ALA LARGA SI NO ESTBAN CONTETOS CON UNA TASITA AHORA  SELES  DA EL DOBLÉ  ALGO ASI ESTA  POR  PASAR A QUI EN COLOMBIA  UN POCO DE ESTUPIDOS  CREYENDO    QUE SEPEDA  LOS ALIBRAR    MEREN Y VEAN PARA DÓNDE  ES QUE ESTOS TORSIDOS PUEDEN ALA LARGA  DESTRUIR  A UN PAIS,,
_he3Z-xUr3g,UgxT9xJqQt4gGQbd31F4AaABAg,"A título personal, quemaría su DNI, lo desnudaría, y lo metería de vuelta en otra patera con una botella de agua y una brújula 😂",,
srH80O3G_uQ,UgygNQY64UXXRONzDW14AaABAg,"¿Trump está desmoralizado? Trump a librado dos pueblos de sus dictaduras asesinas, Venezuela e Irán, ¿No vas a decir nada de los 30 mil asesinatos del Ayatola Iraní? .. Trump está a punto de poner fin a otra dictadura, la dictadura Castro-comunista que ha destruido a Cuba. 
¡tú Diego Ruzarin eres un zurdo hipócrita!",,
_he3Z-xUr3g,Ugx74asq1WsPBcc19kZ4AaABAg,"Hola progresemos deberíais hacer un video sobre, musulmán el que no bote, que toda la prensa palanganero de izquierdas y tambien de derechas ha hecho tanto ruido, mientras vemos como nos invaden, insultan constantemente a España, su bandera, su himno y la religión católica y nadie dice nada.",,
45J0q2xi7Qk,UgzJvIhmR-1irS-0PX14AaABAg,Que tiempos cuando el SHA reinaba Que les pasó Eran casi europeos y llegaron los fanáticos iluminados y han destrozado el país y la vida de los iraníes Falta les haría otro Sha,,
2I6B6QSY7AA,UgwsR9r658x7_vNjCAF4AaABAg,Descárguenlo antes de que este payaso lo borre 🤡,,
_he3Z-xUr3g,Ugw-kd5DN2xvAvmkV0l4AaABAg,Me encatais progreñecos ❤❤,,
45J0q2xi7Qk,UgxvFg0xkCTyPMmcCZB4AaABAg.AUOsMW-lVFKAUpW9CfVIpp,"Las dos cosas son iguales, en la teocracia también hay violadores",,
45J0q2xi7Qk,UgyB_Jtl62qi01XACst4AaABAg,"Democracia gringa: gobernantes titeres impuestos a través de procesos electorales fraudulentos, que dejen robar a EEUU el petróleo.  Moral gringa: los archivos de Ekstein.",,
45J0q2xi7Qk,UgygR9iKTypNIT17zPl4AaABAg,El problema del shah fue que no hizo desaparecer a la víbora de Khomeini en vez de mandarlo al exilio. Hoy serian una superpotencia.,,
bHtI3lCm8wU,UgwwLevTip0nA_W44E94AaABAg,"Quiten el bloqueo y verán como surge Cuba, HLVS✌️",,
srH80O3G_uQ,UgwhKGTpE8Gnkac9AcV4AaABAg,El mundo está con Irán 🇮🇷 en contra del cartel pdfilosionista 👊,,
srH80O3G_uQ,Ugz2DfsQphxeVRwKFkR4AaABAg,Verguenza como argentino por tener un inpresentable a cafgo del estado apoyando a este otro demencial presidente ...,,
2I6B6QSY7AA,Ugxc1onblpcOZt5NkBx4AaABAg,JAJAJAJAAJAJ SE LE CAYO,,
bHtI3lCm8wU,UgxiulTFf_dl3tOpnyV4AaABAg,"Ingenuos,cínicos, alineados o simplemente voltean para otro lado. Hoy Trump los desengaña, lucha contra el comunismo al atacar Venezuela, NO. Se los dijo, es el petróleo. Cuba nacionaliza su riqueza y es el imperio que no puede permitir que una nación socialista prospere, ¿por qué? simple, afecta a sus intereses económicos. Eso es lo que se le perdió a EU en Cuba, esa es al razón de su bloqueo más brutal contra alguna nación. Y viene los letrados, los hipócritas, los alineados a vociferar: ¡ aléjense del comunismo, el comunismo mata! Patéticos.",,
_he3Z-xUr3g,Ugzj7c9Gw7fu3P7eXVR4AaABAg,"Q TRISTE 😢 AQUÍ CABE CUALQUIERA 
GRACIAS PROGREÑECOS❤",,
bHtI3lCm8wU,Ugyo792_hQRUKiOgAjV4AaABAg,"Ya el adoctrinamiento castrista con sus mentiras no funciona con los cubanos de hoy, la gente ya no le cree nada a la tiranía castrista, por eso la detesta ahora.",,
_he3Z-xUr3g,UgwV1asXK84Lt__1J2R4AaABAg.AUtxkKo19F4AUuC7A6GVRB,"Cierto👍
Lo descubrí hoy y está muy bien!",,
45J0q2xi7Qk,Ugy1Mj-4ACqk8SVejsN4AaABAg,La palabra revolución es mardita mala,,
srH80O3G_uQ,Ugy9csRlItJqbsjHDh94AaABAg,"Ruzzarin, puedes hablar de los Poemas Islamicos que fueron millones de años antes de Cristo? Y como Muhamed existió miles de años antes de Jesus? Please quiero saber más de eso que hablas con confianza",,
bHtI3lCm8wU,UgxAftKReKFyOdYs-9t4AaABAg,"Cuba perdió toda la prosperidad y modernidad que había ganado antes de 1959, es un país donde sus ciudadanos buscan emigrar desesperadamente, como nunca antes de 1959",,
bHtI3lCm8wU,UgyuZuniKNjV3RMkd554AaABAg,"Cuántos millonarios recursos tuvo de la URSS parásitamente, y que despilfarró en su obsesión de tratar de ser visto como un mesías tercermundista, financiando guerrillas y grupos subversivos, participando en guerras en Africa, y en hacer donaciones constructivas ca otros países cuando las casas de los cubanos se están cayendo, sin contra sus túneles populares que tanto material de construcción despilfarraron.",,
srH80O3G_uQ,UgzTh0ejyMORTlShzOl4AaABAg,Cierto está gastando mil millones de dólares por día el distractor Epstein files destruirá la economía 🇺🇸,,
2I6B6QSY7AA,UgxiVR7S6UesuLwZRbp4AaABAg,"""un dictador no hace campaña ni busca votos"" 
Y de qué sirve que haya supuesta democracia si al final todas las elecciones donde ganó fueron trucadas y la oposicion intimidada. 
Eso es lo que hace un dictador que te quiere hacer creer que existe democracia. 
Me parece muy ingenuo tu argumento siendo que la gente te llama ""inteligente""",,
_he3Z-xUr3g,UgxH9TiFZPrReX_OWbp4AaABAg,"Este caso es parecido al de George Floyd, donde todos los ""progres"" y ""wokemaniacs"" salieron en masa a denunciar el supuesto racismo policial por el simple hecho de que el detenido era de raza negra. Todo esto se debe al simple hecho de que se creen superiores intelectual y moralmente de los policías a los que consideran seres inferiores a ellos porque pertenecen a una clase social más baja. Porque no olvidemos el hecho de que todo el movimiento ""progre"" del primer mundo es liderado por niños/as/es de papá y respaldado por   seres improductivos que viven del sistema a costa del esfuerzo del emprendedor y de la masa laboral que los mantiene mientras solo se dedican a desprender odio visceral a todos los sujetos que no respalden dicho odio catalogandolos de fascistas, nazis y otras memeces.",,
45J0q2xi7Qk,UgwaPI-wU2c06eQv3Fl4AaABAg,La toma de la embajada es la misma que se trata en la película Argo? Donde rescataban alrededor de seis rehenes escondidos en otra embajada?,,
2I6B6QSY7AA,UgyxLBcvEdBsfzLMgrJ4AaABAg,Este video debería mostrarse en las universidades como ejemplo de la ceguera del fanatismo,,
srH80O3G_uQ,Ugw6CnIzf0xRKoaXpkZ4AaABAg,A ver quiero ver su Enfoque es esto.,,
bHtI3lCm8wU,UgwF99YjRtaOOrOmuyJ4AaABAg.AQPB9_ajA8oARLFdpoVd0e,@MUNDOCINEREVIEWtienen 7 años diciendo eso y nada más no pasa jajajaja. No le crean todo lo que les dice Loret de Mola.,,
srH80O3G_uQ,UgzKnkII9F_90dsXREJ4AaABAg,"Ojalá que tu análisis sea cierto. Trump debe recibir un jalón de orejas y más.
Que viva Palestina e Irán!!",,
_he3Z-xUr3g,Ugwn-5zW4E6VHdPqEfp4AaABAg,"Se les tomaron el pais, ya no es España",,
2I6B6QSY7AA,UgzF5aP1zHHi79agYN54AaABAg,Le faltó calle al menzorin,,
bHtI3lCm8wU,UgwRRequIsn7vxTko7R4AaABAg,Los castros son los que condenaron a Cuba satánicos mira  mi cuba.    nicos mi,,
_he3Z-xUr3g,Ugy6KVJ6CwgJ3rOfNe54AaABAg.AUtwJh6WK6vAUxLW-mIvFa,"No te preocupes, los mexicanos tenemos que soportar a la analfabeta de la presidenta (con A) que se queja por estupideces mientras los problemas más importantes son ignorados.",,
bHtI3lCm8wU,UgwgJ8X5h12CjyLaiNB4AaABAg,"Las verdades que se dicen en el video molestan a los esbirros castristas extranjeros porque ellos quieren que los videos sobre la destrucción castrista de la economía cubana no mencionen como culpable al tirano Fidel Castro sino a terceros países, usando el cacareado supuesto ""bloqueo imperialista"" cuya narrativa solo funciona entre extranjeros castristas bobalicones, mas no con el pueblo cubano que sabe bien que el culpable es el tirano Fidel Castro",,
45J0q2xi7Qk,UgwMRHaekVaaw6KUegl4AaABAg,ALWAYS KING REZAAAAAAAAAAAAAAAAA PAHLVIIIIIIIIIII💚💚💚💚🤍🤍🤍🤍❤❤❤❤,,
2I6B6QSY7AA,UgxjrcL5Y1D3BKRcBVN4AaABAg,Que porque le dijo que no es socialista significa que no es socialista? O porque alguien lo abraza significa que lo quieren??? Y dicen que Diego es inteligente 😂😂😂,,
45J0q2xi7Qk,UgxYCoALG6VNV8cVl8V4AaABAg,"-Monarquías puliendo el dinero de los impuestos en festines.
-Imperialismo británico, estadounidense y soviético.
-Policias asesinando opositores y con Israel de por medio.
-Dictaduras teocrática con represión a homosexuales entre otros...
Pero para muchos los malos son ""los zurdos"", ""progres"" ""feministas""que supuestamente apoyan al ayatola.. 😐 Así nos va al mundo hispano 😔",,
bHtI3lCm8wU,UgzCR-rxjwai5eKf4Ld4AaABAg,Cuba es una sanguijuela que vive de los de la unión Soviética y de Venezuela los cubanos son de la acera del frente 😂😂😂😂😂😂 así que los gringos no es interesa esa isla que solo sirve para atrasar el paso de los aviones para América,,
2I6B6QSY7AA,UgwVFkQ5XUp7pf19aNt4AaABAg,Cómo me dan risa estos comunistas aunque intenten tapar el sol con un dedo no podrán,,
_he3Z-xUr3g,Ugzy-G5zEDVlgOHAw-d4AaABAg.AUu2gV7zr0BAUu4LR0iMZr,Así estamos. Honor a los policías que aún jugándose el puesto por los idiotas podemitas y ppsoeitas intentan cumplir la ley,,
2I6B6QSY7AA,Ugw548i2uCFbrppkLJd4AaABAg.ARWM20xqsMuARXbMY4UG6x,😂😂😂😂😂😂 ya no habrá quien le arroje migajas,,
bHtI3lCm8wU,UgzrQexYdM3HIO9PEPB4AaABAg,"Cuba tiene la tercera mas alta inflación del mundo. Eso es lo que ocurre cuando se imprime papel moneda sin un respaldo en bienes y servicios, dado que la tiranía castrista destruyó el sector productivo cubano. Por eso el peso cubano hoy no sirve ni como papel sanitario, pese a que antes de 1959 llegó a valer mas que el dólar. Hoy en Cuba la moneda fuerte es el dólar, y la mayoría de la gente tiene dólares gracias a sus familiares emigrados especialmente los que viven en EEUU. Una de las fuentes más importante de ingresos de la tiranía castrista, son las remesas de cubanos en el exterior.",,
45J0q2xi7Qk,Ugz9ThMTgVP0dnNc2ZB4AaABAg.AU0_znHQ1xLAU6KONlSrXn,"@martinparraga-bp1zg el truco de culpar a israel y USA ya no sirve, esos grupos *revolucionarios* siempre son el mal del mundo",,
45J0q2xi7Qk,UgzNk_QNdapeQxPdnXp4AaABAg,Una tiranía x otra igual,,
2I6B6QSY7AA,UgzsjmYvlqqGfbKHvZN4AaABAg,"Pinche cantinflas chairo-rebuscado, estás bien pendejo.",,
bHtI3lCm8wU,UgzA12FJRozJuVa3UyN4AaABAg,"En la calle de Cuba, la narrativa del cacareado bloqueo se ha ido desmoronando progresivamente conforme se ha hecho evidente la errática dirección del país, reconocible en la implementación de políticas económicas fallidas que han dejado un elevadísimo costo humano y material, para ceder todo el protagonismo a la corrupción político-administrativa como causa fundamental del naufragio de Cuba, a lo cual ni la familia Castro se salva. El embargo estadounidense es un pretexto victimizador de cara a la comunidad internacional. Para la gran mayoría de los cubanos el problema es netamente doméstico: el gobierno de la isla, en pleno, es corrupto. Dentro del gobierno de la mafia castrista, el que no corre, vuela; el que no mata a la vaca, le agarra la pata. Cuba es un cuerpo en descomposición.",,
45J0q2xi7Qk,Ugx4jjycUO_MKry6V_14AaABAg,en una revolucion unos sufren otros ganan el puesto de los contraros y el pueblo sigue siendo oprimido por los nuevos lideres los pobres de la revolucion terminan ciendo millonarios los civiles solo terminan ciendo escalera de los nuevos tiranos  igual con las votaciones politicas y los partidos politicos  salen unos ladrones politicos y entran los pobres a combertirse en millonarios asi es aqui en Guatemala  y otros paises vecinos,,
bHtI3lCm8wU,UgwtcHylmD-hKjclQMt4AaABAg.AQHbFWxZvrHAQuCoKinW-i,Pendejazo nivel dios,,
srH80O3G_uQ,Ugy9csRlItJqbsjHDh94AaABAg.AU3ksd7fTOMAU3mP9gaaP8,"Claro que si lo dijo en el video con Farid “Análisis de canción: Es épico - Canserbero” minuto 17:00

Una prueba más de que Ruzzarin solo es un ignorante con mucha convicción",,
45J0q2xi7Qk,UgyMVdfSNauug9ozCJJ4AaABAg,"He visto muchos videos de ciudades Iraníes donde las mujeres no andan con su cabello cubierto,y en muchos restaurantes tanto hombres como mujeres tomando bebidas como cervesas y vinos,Ya no se sabe a quién creer.",,
2I6B6QSY7AA,UgyWFAclEhwvsUgG1Yt4AaABAg,"P E N D E J O  resumido en Cuba también hacen campaña, Nicaragua, y todos lo adoran si no te matan , nadie va hablar mal de ellos,,  por eso te repito eres pendejo o te haces. Y la gente que te sigue dicen es un tipo muy culto, sabe mucho 😂😂",,
bHtI3lCm8wU,UgxE-LA1Zm00rWMbz-p4AaABAg,que se jodan,,
srH80O3G_uQ,Ugw-5s0iMYmGA6B8iwl4AaABAg,"No hay nada más difícil que y desgastante que la ""guerra de guerrillas"", y #EEUU lo experimentó en #Vietnam. . . .🔥🔥💀💀🔥🔥",,
bHtI3lCm8wU,Ugxmx1HuaC-emN2sUkx4AaABAg,Fidel Castro was a big clown and bozo. He still is.,,
bHtI3lCm8wU,Ugwf6NvWdvoYtwknrgV4AaABAg,"Los comunistas no reconocen derechos a los demás, son odiadores. Solo hablan de luchas de clases, y a todo el que discrepe de ellos les llama ""fascista"" o ""facho"", son intolerantes, por eso para sostenerse en el poder solo pueden hacerlo imponiendo tiranías represoras de las libertades. El solo hecho de que autoasignen  el derecho a imponer una ""dictadura del proletariado"", sea cual sea la justificación que quieran dar a ello, es muestra del totalitarismo de esa ideología",,
bHtI3lCm8wU,UgxwEe2Y7UbxkzppVZh4AaABAg,"“todo poder amplia y prolongadamente ejercido, degenera en casta. Con la casta, vienen los intereses, las altas posiciones, los miedos a perderlas, las intrigas para sostenerlas”, y “Todo el poder que iría adquiriendo la casta de funcionarios, ligados por la necesidad de mantenerse en una ocupación privilegiada y pingüe, lo iría perdiendo el pueblo que no tiene las mismas razones de complicidad en esperanza y provechos, para hacer frente a los funcionarios enlazados por intereses comunes. Como todas las necesidades públicas vendrían a ser satisfechas por el estado, adquirirían los funcionarios entonces la influencia enorme que naturalmente viene a los que distribuyen algún derecho o beneficio. El hombre que quiere ahora que el estado cuide de él para no tener que cuidar él de sí, tendría que trabajar entonces en la medida, por el tiempo y en la labor que pudiese el estado asignarle, puesto que a éste, sobre quien caerían todos los deberes, se darían naturalmente todas las facilidades necesarias para recabar los medios de cumplir aquéllas.” (José Martí, Obras Completas 9, pag. 34)",,
bHtI3lCm8wU,UgzZm11K0iZqz7ClGft4AaABAg,"La Habana y Miami ahora son conocidas por los cubanos como ""las dos orillas"". Los cubanos dentro de Cuba imitan todo lo que les llega de Miami, en Cuba ha ocurrido una miamización de los cubanos. Somos el mismo pueblo dividido por una tiranía comunista.",,
45J0q2xi7Qk,UgzwtoDBme56dWUTADF4AaABAg,"Enserio están más interesados en comentar tonterías, piensen que en 2026 aún ay países donde matan a personas por ideologías estúpidas",,
bHtI3lCm8wU,Ugyh_xSmqfiG1AJIbHl4AaABAg,"El tirano Fidel Castro despilrfarró en tratar de vender su imagen mesiánica, los multimillonarios recursos que por tres décadas recibió de la exURSS, además de administrar mal la economía de Cuba, y he ahí las consecuencias. El resto de su destrucción es el resultado de la manera totalitaria y voluntarista, sin rendir cuentas a nadie y sin permitir objeciones, con la que dirigió a Cuba.",,
srH80O3G_uQ,Ugw2agJ5VD9i6xTs5G14AaABAg,Si cometió un gran error. Empezar el conflicto,,
srH80O3G_uQ,Ugyjr7PZExE-S59a0hR4AaABAg,"Por favor alguien podría decirme si EUA se viera perdido, podría disparar un bomba atómica como hizo en Japón, que haría el mundo?",,
srH80O3G_uQ,UgzBKqOh7iQgArZf0Qx4AaABAg,Diego haz colaboración con Danny bilvao,,
bHtI3lCm8wU,Ugyme1tADMq6sGIKGO54AaABAg,"On the streets of Cuba, the narrative of the much-touted blockade has been progressively crumbling as the erratic direction of the country has become evident, recognizable in the implementation of failed economic policies that have left an extremely high human and material cost, ceding all the prominence to political and administrative corruption as the fundamental cause of Cuba's downfall, from which not even the Castro family is exempt. The US embargo is a victimhood pretext used to portray the country to the international community. For the vast majority of Cubans, the problem is purely domestic: the entire island's government is corrupt. Within the Castro regime, it's a free-for-all; if you don't kill the cow, you grab its leg. Cuba is a rotting corpse.",,
2I6B6QSY7AA,UgwPtzj7dOJyj4NBIpJ4AaABAg,Pobrecito lo demonizaron a tu dios !!!!.,,
bHtI3lCm8wU,Ugz8voTEicUwUuZvTyV4AaABAg,american embargo destroyed Cuba,,
bHtI3lCm8wU,UgxJflmPYeWmXXDMokl4AaABAg,Cuba solo necesita una cosa: mandar a su tiranía comunista al  basurero de la historia (como hicieron en Europa del este),,
2I6B6QSY7AA,UgyNFLuewxl6SbjNjLR4AaABAg,No no no.....este tonto solo diciendo estupideces,,
bHtI3lCm8wU,UgyAkxca0UNuXwzRhjp4AaABAg,Resultó que Fidel castro era peor que Batista..,,
srH80O3G_uQ,UgwFttUijvqbxZ3UZ8B4AaABAg,Le doy 1 semana mas. Nib4 ni 5,,
bHtI3lCm8wU,UgzCd80v5WTzz-_03jp4AaABAg,Buenos días yo digo q ese mal parió debe estar ardiendo en el infierno.los gobiernos democráticos deberían actuar sin restricciones con ese tipo de gent,,
bHtI3lCm8wU,Ugy2AEwO-h_AcB0uQYl4AaABAg,"Los jóvenes de hace décadas cantaban Silvio Rodríguez, soñaban con que el Socialismo llegue.  A pesar de ver la desgracia de Cuba y  la ex-URRS, les decían ""conmigo si lo lograremos...el Socialismo del Siglo 21, La Revolución Ciudadana, El Indigenismo Cocalero, El Peronismo... luchará contra el Imperialismo...habrá Libertad, Igualdad, Fraternidad...""
SE LLENARON LOS BOLSILLOS ELLOS Y SUS SOCIOS DE TURNO, TRAICIONARON A DIOS, A LA PATRIA Y A SU PROPIA FAMILIA. 
QUE DIOS TENGA COMPASIÓN DE SUS ALMAS. 
Asesinos, delincuentes, narco-traficantes, prepotentes, escoria humana.  Eso es lo que lograron hacer de jóvenes que les creyeron a estos socialistas o mejor dicho 'socio-criminales' del Siglo 21.",,
2I6B6QSY7AA,Ugw1vM-6y8hPngVSZIl4AaABAg,"Saca ahora un vídeo entrevistándolo en USA mi Rezurdín, Recerdín el Jr Alucín",,
bHtI3lCm8wU,UgwseExsqtJcrz7nfp94AaABAg,esos precidente piensan que por qué le cierran La boca ala unidad    no falta quien cuente la verdad de las cosas,,
45J0q2xi7Qk,Ugx7ynu-GG-ozmXvAAp4AaABAg.AUAJ1ac5JM3AUSs3Ks0U7w,El porque vos no sí sos tan pro iraní porque no te vas irán,,
bHtI3lCm8wU,UgyrA6aPZo1wS0DXIcV4AaABAg,"Batista los recursos que obtuvo para Cuba para hacer las grandes avances económicos y llevó a cabo obras constructivas que dejó para la posteridad, fue a partir de atraer inversiones extranjeras para Cuba, mientras el tirano Fidel Castro obtuvo los recursos para Cuba parasitando de otros países, recursos que despilfarró. Y pensar que Cuba durante las primeras tres décadas castristas dispuso de multimillonarios recursos para desarrollarse proveniente de los subsidios de la exURSS y de un comercio ventajoso con Europa del este, y el tirano Fidel Castro los despilfarró en tratar de vender una imagen mesiánica de salvador del tercer mundo y que al final terminó como un viejo decrépito hablando de la moringa. Y lo peor es que, cuan buen tirano, nunca se le exigió ni se sintió obligado de rendir cuenta a nadie en Cuba de su despilfarro, como si los recursos fueran personales. Batista sabía del dinero que se movía entre algunos de estos personajes de la mafia norteamericana así que les permitió, sin moralismos hipócritas al estilo de los comunistas, hacer inversiones en Cuba para atraer capitales que beneficiaran a la economía cubana. Se le agradece su inteligencia para ello. Y lo logró, puso a la economía cubana entre las de mayor crecimiento en América (cosa que destruyó el tirano Fidel Castro haitianizando a Cuba). Hoy Cuba es un trampolín de las drogas de las guerrillas castrochavistas y del Cartel de los Soles, cosa que nunca pasó antes de 1959, donde nunca hubo problemas con las drogas en Cuba, algo que está bien documentado.",,
srH80O3G_uQ,Ugwoatjz2LJV_YkRYQh4AaABAg,Puras buenas noticias,,
2I6B6QSY7AA,UgwktQfvjJigMSd7m2B4AaABAg,Vas a caer tu sigues jajaja 🇺🇸🇺🇸🇺🇸,,
45J0q2xi7Qk,UgzafECDLuf6c61t1W14AaABAg,"En México afortunadamente las cosas cambiaron para bien que hasta abusan de la libertad de expresión y llaman a cualquier cosa ""dictadura"".",,
bHtI3lCm8wU,UgxE0ImTvMbyh56AlNR4AaABAg,Y lo peor de todo es que los ciudadanos cubanos no se lo merecen ya que son muy buenas personas con un gran corazón es triste verlos a si,,
2I6B6QSY7AA,UgxFLaqjT_gzL3KjTpp4AaABAg,Y ahora dicen que Ruzzarin borro los vídeos y la chingada pinche derecha y CIA toda meca,,
srH80O3G_uQ,UgzlZU2btOyuXfOkICN4AaABAg,"Esas condiciones que impone Irán indican que  están preparados para aguantar y que está armado hasta los dientes con armas poderosas que va a usar cuando pasen las 5 semanas en las que EEUU e Israel agoten esos misiles millonarios, ahí cabe el refrán : ""cuando gasten toda su pólvora en zamuros"" y luego vendrá la contraofensiva con el armamento pesado que tiene guardado Irán en sus búnkers subterráneos.",,
bHtI3lCm8wU,Ugy24ZtsGi1gc1KBEGh4AaABAg,"Los hambreados cubanos en Cuba no tienen comida porque el tirano Fidel Castro destruyó los sectores agropecuario y de la pesca, que siempre dieron suficiente  comida y a muy  bajos precios, antes de 1959, gracias a que Cuba tiene tierras fértiles (hoy improductivas y erosionadas por estar llenas de marabú) y estar rodeadas de mar, y un clima estable todo el año. Lo poco que pueden comer es gracias a los dólares que reciben de sus familiares principalmente de EEUU",,
srH80O3G_uQ,UgwDeN_M8Er1X-bD0t54AaABAg,Más claro? Imposible.,,
2I6B6QSY7AA,UgzfApklRQS5y-X57VV4AaABAg,El dictador con un modelo mucho más democrático que el de el pútrido sistema de tu país,,
bHtI3lCm8wU,Ugy-uMHqKmQfREvDM1h4AaABAg,"Dejó a Cuba en la ruina al morir, fue el peor gobernante que ha tenido Cuba, y pulverizó a las familias cubanas al provocar la mas alte emigración de Cuba de toda la historia de Cuba......Cuba se convirtió en un país en ruinas por los despilfarros de recursos constructivos por este tirano. La Habana pasó a ser de una de las ciudades mas modernas de América en 1959, a una versión ruinosa de capital, y los campos de Cuba se llenaron de marabú por su culpa",,
45J0q2xi7Qk,UgzI7xp6kJ3kWuxOzZR4AaABAg,Puro zurdo esta en contra de TRUMP y su agenda de exterminar DICTADORES 😢,,
_he3Z-xUr3g,UgyaXhkrP22vU185EXN4AaABAg,"500,000 legalizando a ilegales. España está terminada.",,
45J0q2xi7Qk,UgyK5j4BPCZ3bkgyW_B4AaABAg,"En cada episodio de la historia Estados Unidos deja su huella (Esclavitud y racismo es algo que Estados Unidos no quiere se les recuerde, pero aun en la actualidad en Estados Unidos la ley y los derechos son para unos pocos), pero si se hiciera un recuento; ha hecho más mal que bien, y siempre a beneficio de Estados Unidos ""America para los norteamericanos"", todos los demás son potencialmente terroristas. Quienes mueven los hilos en Estados Unidos, Trump no lo creo!, que ocultan, cual es la necesidad de tanto petróleo, en los últimos años solo conflicto con países que tienen petróleo, bases en todos lados para seguridad o para oprimir, que sigue después, obligar a ciudadanos de otros países a incorporarse al ejército de USA, dejando familiares en el olvido y que mueran de hambre, en donde queda los derechos de vida, la guerra no trae la paz sino más conflicto, resentimiento y enojo, para los fanáticos amates de USA si les molesto este comentario, no pediré perdón por la verdad... Aunque no sea alguien, alguien los será por mí, la justicia siempre llega...",,
_he3Z-xUr3g,Ugy8ME57iMZ6B69RMC54AaABAg,Gracias chicos!! Más claro agua.,,
srH80O3G_uQ,UgxndWF9jUB9-ujCl3N4AaABAg.AU3y_E_rg-DAU4jpj4OLGL,"¿Dónde leíste esa boludez de ""los laberintos de stock""? Informate bien, no es tan así. Le atacaron pero Irán los está desgastando con una guerra prolongada además hay misiles escondidos de los iraníes que ya los altos mandos del ejército iraní dijeron que no van a dudar en usarlos y no estan hechos pedazos para nada....",,
2I6B6QSY7AA,UgyEvwq-EACmFNc2kzF4AaABAg,No me alcanzas a dar ni lástima,,
2I6B6QSY7AA,Ugyh_miXYaRFORJ_-UB4AaABAg,Que mal envejeció este video !!!,,
bHtI3lCm8wU,UgwTPNENgSDvI7JkBo94AaABAg,"Cuba con el comunismo solo tuvo destrucción y atraso, además de pérdida de sus libertades los cubanos, por eso lo mejor es  que regrese al capitalismo, que es donde estuvo mejor. Es lo que desean la mayoría de los cubanos, por eso ahora adoran a los EEUU como nunca antes de 1959",,
2I6B6QSY7AA,Ugw8ndWOELe5TAO1GnV4AaABAg,LAMEBOLAS DE SEMEJANTE REPRESOR,,
bHtI3lCm8wU,UgzdXoEKWy2OmFSQyO54AaABAg,Venezuela igual y así quiere Petro  yo solo digo Dios pone reyes y quita reyes,,
bHtI3lCm8wU,UgylNx2fy_xnW21ICPh4AaABAg,QUIEN TE PAGA,,
45J0q2xi7Qk,UgzeEJT5BV6diUU8Qal4AaABAg,"Jomeini llegó a ser aun mucho peor que el Sha de Persia, el infierno esta lleno de buenas intenciones, prometió el cielo y ofreció el peor de los infiernos.
Mucho cuidado de blanquear las revoluciones, porque mañana se pueden arrepentir.",,
bHtI3lCm8wU,Ugys-gMr3elpA08OpSR4AaABAg,"Así pasará con todos los pueblos donde se imponga una tiranía comunista como la castrista, terminarán en la ruina. Por eso hay que exterminar a la tiranía castrista, promotora de esos regímenes.",,
2I6B6QSY7AA,UgzDExBzPLztzHQrGJF4AaABAg,Explícamelo a mas de 8000000 de venezolanos que  tuvieron que salir del gran gobernante maduro  o cuanto de dieron $,,
bHtI3lCm8wU,UgyQoTZ2y6JzTBM_9lB4AaABAg.AMVjvm3-fAqAQjBWMKh6q7,"Se sabe, sin seguridad sin dinero y sin ninguna esperanza cercana para México.",,
srH80O3G_uQ,UgwILpE9XxP4Fyh-vJN4AaABAg,Darles por el *😢,,
45J0q2xi7Qk,UgxgchVGnASXWq2eNiZ4AaABAg,La historia del munfo,,
srH80O3G_uQ,UgyhOnEakyT-97ZRSRJ4AaABAg.AU3gXc2KUAaAUCJzNMTfAj,De qué sobrenia hablas de Irán?,,
srH80O3G_uQ,Ugx36971KmJUl7kSDr54AaABAg,"https://youtu.be/jMH7KC5HcNM Hola diego ¿has visto este video? Me parece muy peculiar y llamativo porque habla de los Rothschild y cómo afectaron y afectan al mundo, desconozco la verdad quien es el que habla porque al parecer es un video recuperado de no sé dónde, pero lo que cuenta lo hace ver como alguien entendido, como si se hubiese dado cuenta de lo que estaba por pasar desde hace ya algún tiempo. En algún momento del vídeo dice que la familia Rothschild tenía (o tiene) como objetivo que las naciones peleen entre sí con el único propósito de debilitarlos y ser ellos quienes se queden con las riquezas del mundo entero o casi entero, al ver este estracto tuyo me recordó a ello. La verdad digo esto desde la ignorancia porque no soy un gran historiador o versado en el tema, pero me llamó la atención.

Saludos",,
_he3Z-xUr3g,Ugwu3xBb25nL0zCmQE54AaABAg,porque en el minuto 1:30 habeis puesto un vid de asmr sobre noticias del Negro Santaolalloh?,,
srH80O3G_uQ,UgyhOnEakyT-97ZRSRJ4AaABAg.AU3gXc2KUAaAUDYPmIt6Yc,¿Esta apoyando una dictadura? ¿Si sabes que el gobierno de Irán mató a miles de civiles? Enserio no entiendo a este gente....,,
2I6B6QSY7AA,UgzIg-9Bk4tza7OPzKR4AaABAg,Lástima que aquí no se puede etiquetar al departamento de inmigración de USA,,
bHtI3lCm8wU,UgzhrbarscN--zsELcl4AaABAg,Esa narrativa ya no te la creen pon algo nuevo!!!,,
bHtI3lCm8wU,Ugx9GU3x9Qkw2EGi2Ol4AaABAg,"Los cubanos después de su independencia de España, no han conocido gobierno peor que la tiranía castrista bajo el yugo del tirano Fidel Castro. Nunca tuvieron menos libertades en toda su historia. Los salvadores de Cuba serán los propios cubanos cuando se liberen de la tiranía castrista. La URSS apoyó a Cuba convirtiéndola en su satélite, solo por intereses geopolíticos, eso le permitió al tirano Fidel Castro vivir de parásito de ella (como lo hizo luego con Venezuela) durante medio siglo, millonarios recursos esos que ningún gobernante de Cuba recibió de gobierno extranjero alguno antes de 1959, y que además, fueron despilfarrados por el tirano Fidel Castro en promover guerrillas y terrorismo en América Latina, guerras en África y en hacer millonarias donaciones a terceros países del tercer mundo para que tratar de que le vieran como un mesías internacional, a costa del hambre, la miseria y la destrucción de Cuba, cuyo pueblo nunca le importó mas que para darle migajas. El resultado: destruyó a Cuba como nación, no solo su economía, pulverizó a las familias cubanas, Cuba se están cayendo en pedazos y además, le quitó las libertades al pueblo, creando el aparato represivo mas grande que gobierno de Cuba alguna vez tuviera. Ahora los cubanos adoran mas a los EEUU como nunca antes de 1959, ven a EEUU como su salvación. A los lacayos extranjeros de la tiranía castrista que repiten como cotorras de feria todas las mentiras que ella inventa para victimizarse y blanquear sus culpas por la destrucción de Cuba culpando de ello a los EEUU, cada vez les funciona menos repetir en las redes y foros esa falacia, pese a que la repiten infinidad de veces, pero ya el Internet abrió los ojos a la gente y la tiranía castrista perdió la batalla informativa en las redes y en todo el internet, porque ya cada cubano de a pie con un celular se ha convertido en un transmisor de la realidad cubana desde adentro, y la tiranía castrista ya no tiene como en décadas pasadas, el control monopólico de la información sobre Cuba. Por eso además de tener a todos sus esbirros extranjeros usando infinidad de cuentas metidos todo el día en los videos sobre Cuba repitiendo sus mentiras, ha tenido que utilizar brigadas de ""ciberclarias"" desde adentro para perseguir como policías todo lo que se publica en la web sobre Cuba, recordemos que Cuba es un Estado policíaco, como todas las tiranías comunistas.",,
45J0q2xi7Qk,Ugxvn9OpBGwIf1UOuoV4AaABAg,"Vivían muy bien proogreso,las mujeres eran libres podrían estudiar ,bisr vestirse a la moda,manejar",,
_he3Z-xUr3g,UgxNemoxMjxBMl_3jyh4AaABAg.AUu6b2iP7TvAUu8k6exGga,"Y los senegaleses también se dedicaron a ser “manteros”.
Pero ojo, hace 50 años atrás no existían las ayudas sociales, y de países limítrofes venían a trabajar, aunque eso no implique que también lo hacían para delinquir u ocupar tierras como cualquiera. España, al igual que muchos países con políticos compra votos, regalan el dinero de los contribuyentes para fomentar la dependencia.",,
bHtI3lCm8wU,UgyJVGOQiMkU-33y4t14AaABAg,"Es bien sabido que la tiranía castrista ha sido la promotora de gobiernos y organizaciones narcoterroristas como las colombianas (por eso usaron a Cuba para sus falsas negociaciones de paz de las narcoguerrillas, que no era mas que negociaciones de narcos amparados pr un gobierno narco). Hasta que EEUU no salga del problema que representa para él la tiranía castrista, nada se resolverá en América Latina. En Cuba e3s donde está el escondite y base de operaciones del narcoterrorismo despilfarrando recursos de Cuba en vez de usarlos en el pueblo de Cuba",,
2I6B6QSY7AA,UgxW6GqwJ-dnIENULkd4AaABAg,Solo vine a leer los comentarios..😂😂😂,,
2I6B6QSY7AA,UgxKbPor8Vv0yHPJlUJ4AaABAg,Me pregunto qué estará pensando ruzzarín sobre los acontecimientos recientes…,,
bHtI3lCm8wU,Ugz0CB-ZmiS53ty2NXZ4AaABAg,"¿Se han preguntado por qué los hambreados cubanos de a pie que son entrevistados en las calles de Cuba rara vez o nunca mencionan el embargo de los EEUU como culpable de su situación? Es simple: porque saben que es mentira. Lo saben porque lo viven, y saben lo mal que ha sido administrado el país y los disparates de última ocurrencia que caracterizaban al tirano Fidel Castro, que inventaba cosas de último momento para hacerse propaganda pero que luego resultaban en un fracaso. Eso de tratar de culpar a terceros de los desastres que causan, es muy propio siempre de los comunistas para tratar de blanquear sus culpas y victimizarse. Recursos Cuba ha tenido, pero han sido despilfarrados por el tirano Fidel Castro. La mejor muestra es el despilfarro del multimillonario subsidio de la exURSS, con el cual cualquier país se hubiera desarrollado pero que el tirano Fidel Castro malgastó en su participación en guerras en otros continentes, en el fomento de guerrillas y terrorismo en otros países y en donaciones para obras civiles a diversos países, todo con el enfermizo objetivo de vender una imagen de mesías tercermundista del tirano Fidel Castro. O también esos millonarios recursos que fueron recibidos por Cuba y que no se ha dicho cómo se usaron, y que por ejemplo, han tenido sentada en un juicio en Londres a Cuba como un país mal pagador de deudas, algo por lo cual es tan conocida y por lo cual muchos le exigen pagar en efectivo y no le dan créditos.",,
45J0q2xi7Qk,UgyRyrofIGSxD4eWkBd4AaABAg,"Que un país tenga cosas que mejorar en materia de derechos humanos NO justifica la guerra, ni hace menos grave el bombardeo a su población.",,
45J0q2xi7Qk,Ugz8NB6SV3A_1hOAijJ4AaABAg.AU1QS__bMZWAU2zPq5eQUm,República.iran.pero.son.arabe.ojala.sea.turquia,,
srH80O3G_uQ,UgzZi1rhVq7oEmBFinN4AaABAg,"El mayor problema en la percepción del común de los ciudadanos de Gringolandia es que este guerra no les pertenece y ya llevan varios años financiando otra que tampoco les pertenece y el costo es de los contribuyentes de su pais
Está última, además tiene un gran aroma de camuflaje por los problemas de entrepierna del presidente en particular y de un grupo de millonarios en general que no tienen por qué encubrirlos y menos desangrando sus economías y sus cuerpos",,
srH80O3G_uQ,Ugz1Z4qIwWyfNp2fS5N4AaABAg.AU3YbTGp4imAU3dIy2B52a,"Israel no puede caer, E.U es otra historia",,
2I6B6QSY7AA,UgxhZosu3GUg_8vyw794AaABAg,"Y ahora en 2025, quien diría, jajajja payaso",,
_he3Z-xUr3g,UgyPXxrD5BoGT6Qt9xt4AaABAg,"Lo peor es que tal y como está el nivel político del hemiciclo no será ni el peor que haya pasado por las cortes del estado, y eso que hay que ponerle ganas para encontrar un diputado peor que este.",,
bHtI3lCm8wU,UgyrEfa5URCDfWkw2sJ4AaABAg,"Hoy los cubanos ven a este sujeto como una desgracia, en 1959 pensaban que era algo bueno y 66 años después lo ven como el peor gobernante que tuvo Cuba, no le importó el pueblo de Cuba, solo (como buen ególatra) vender su imagen entre el wokerío zurdirojete (especialmente los enfermizamente antinorteamericanos), para saciar su megalomanía. Nunca permitió que alguien le llevara la contraria, ni entre sus colaboradores ni en el pueblo. El miedo de todos en Cuba hacia él, fue su manera de gobernar.",,
2I6B6QSY7AA,UgxECdNgy09id-7u86F4AaABAg,Eres un culon eso es lo raro jajajajaj pos no,,
srH80O3G_uQ,UgyhSjL7Byl_B4iiMC54AaABAg,"Pero si al final del día trump sabe que tiene el dólar que lo apoya, nadien del gobierno le va a decir que no puede gastar el dinero de E.u
Está gastando en Inmigración, en la guerra, apoyando a Ucrania y muchas otras cosas que no se dicen.. el dinero no es un problema para el oh Estados Unidos",,
srH80O3G_uQ,Ugz2bN4YvLqcYFGd6Jh4AaABAg.AUVR7mSAo1xAU_vOKvHXsw,"Por que ni sus seguidores leen libros, solo por lo elocuente que suena se dejan llevar por una narrativa manipulada. 😂",,
srH80O3G_uQ,UgwEQ2ZMGz9-oTWoxiJ4AaABAg,Ojalá así sea!!,,
srH80O3G_uQ,UgzgM9cHH3Q417eCC6N4AaABAg,A veer que pasa,,
2I6B6QSY7AA,UgyOqO5buFbjHSy9uEF4AaABAg,Quiero que haga una reacción a este video comedia-campaña que vendió.  😂😂😂 Y que después se mude a Venezuela!!!,,
45J0q2xi7Qk,UgzE4fuzAN9uL0T2oaJ4AaABAg,Saludos desde manizales Caldas Colombia me gusta mucho tus publicaciones ❤❤❤❤,,
bHtI3lCm8wU,UgxogilFN89wT01VXE14AaABAg,"NO DIGAS PNDJADAS. LOS GRIN-GOS NO CONFORME CON SU EMBARGO A LA ISLA, LO HIZO EXTENSIVO AL MUNDO, IMPIDIENDO CUALQUIER COMERCIO DE  TERCEROS PAISES CON LA ISLA,  SO PENA DE SANCIONES A QUIENES LO HICIERAN. LA SITUACION ACTUAL DE LOS PIN-CHES GRIN-GOS CON EL MUNDO ¿ NO ABRE TU CEREBRO? MALDT IGNORANTE .",,
srH80O3G_uQ,UgyP81bmnpAKYpweOmZ4AaABAg,"Independientemente del poderío económico (petrodolar) de estados unidos, la balanza económica mundial ya no se mide tan solo por la moneda, sino por la capacidad de producción (China, amiguitos) Estados Unidos en una guerra de desgaste contra Irán  es recontra boleta. Lo loco que dice el Diegote, que es muy cierto es que esta guerra es super impopular, incluso con toda la desinformación de los medios occidentales, ahí es donde te das cuenta, quienes siempre gobernaron, esta guerra no es por el pueblo, esta guerra es por los grandes Capitales que siempre tuvieron el poder, y no lo quieren soltar ni aun perdido. Hasta donde van a llegar con esto, cuanta gente va a verse exprimida por estas políticas extorsionistas a favor de una guerra que no nos pertenece? A estas alturas solo me queda creer que es un mal necesario. Saludos desde Argentina!",,
45J0q2xi7Qk,UgzdL90SMlvAhnM-cQh4AaABAg,Ps q bueno..q siga siendo asi hasta el fin del mundo.. de puro velos.. esas tradiciones deberian expandirse en todo el mundo y paises,,
45J0q2xi7Qk,Ugy7AfAPyeAhTZunQ5d4AaABAg,Tu dices que es un Régimen em irán pero cuando es Reyes son reyes no régimen osea el régimen de Rey mato gente y torturó y nunca le dices régimen al régimen del rey que doble moral hablan no entiendo como se le puede decir régimen a irán y es verdad no lo niego pero estados unidos e Israel también son régimen o son democracias allí te la dejo,,
srH80O3G_uQ,UgwwH9FNlQuoOsAJXm94AaABAg,"Hay un FACHO PITONIZO que se llama Mario Vannucci. Antes me entretenía, porque decía cosas lindas, que la buena vibra y demás. Nunca metiéndose en Política. Pero, en sus Predicciones para este 2026, el canijo dijo que las influencias astrales harán que muchos países dominados por dictaduras (y aquí obvio y muy tendenciosamente incluyó a México). Que serían LIBERADOS, y que caerían estos malos gobiernos. Curiosamente no mencionó a E.U. Curiosamente él también vive en Estados Unidos. Entonces, SE ME HIZO UN MISERABLE FACHO DESHONESTO el que hubiera hecho estas declaraciones (PORQUE NADA LO OBLIGABA A MENCIONAR PAÍSES EN ESPECÍFICO). Y lo que no sabe el ""Tesorito"" es que en efecto, las ""Energías"" que se están moviendo de: Plutón en Acuario son, para los que conocen de esto, EL FAVORECER A LA HUMANIDAD, AL GRUPO, Y NO AL INDIVIDUALISMO que es precisamente  lo que fomentan los regímenes como E.U. Plutón se define como ""EL DESTRUCTOR/REGENERADOR. Y Acuario impulsa LOS VALORES HUMANITARIOS, LA EQUIDAD PARA TODOS, y no el de empoderar solo a unos cuantos ""BICHOS"". Así es que, si hubieran algunas dictaduras y malos gobiernos que TENDRÍAN QUE CAER ESTE AÑO debido a esta influencia. Uno de ellos sería precisamente Estados Unidos. ¡QUE ALEGRÍA SERÁ, INICIANDO EL AÑO 2027, EL FELICITAR A ESTE ADIVINO VENDIDO haciéndole ver que...TENÍA RAZÓN, pero que se EQUIVOCO AL NOMBRAR LOS PAÍSES QUE IBAN A CAER! 😄👍😎✌😛",,
2I6B6QSY7AA,Ugxq69NWP7Puznz0jmt4AaABAg,"Como que este tipo aún no esta preso, es un blanqueador de un genocida.",,
45J0q2xi7Qk,UgzGJVOde0PrDZFRJBV4AaABAg,Y no mencionas los miles de muertos y torturados por el Sha? Que sesgado o que manipulador.... cada vez este canal esta en decadencia,,
45J0q2xi7Qk,UgwT0FbTvlRMTS7Z1Dl4AaABAg,"Que no haya derechos de mujeres está mal pero,las mujeres cada vez andan por las calles casi desnudas,ya no hay pudor pienso que por eso hay muchas violaciones por qué los animales a quienes cogen son a las niñas.Nada justifica que otro pais invada a otro pais ,las problemas se solucionan en casa entre ellos,a mí noe gustaría que el vecino venga a poner orden en mi casa.",,
bHtI3lCm8wU,Ugx4O5Z6q68GPlgDovB4AaABAg,"mas bien acabó con toda la nación cubana, Cuba ha sufrido una destrucción que costará mucho su recuperación, destruyó antropológicamente al cubano",,
srH80O3G_uQ,UgyunY86AVK1b3QZIX94AaABAg,La justificación es el zionismo cristiano americano.,,
2I6B6QSY7AA,UgzN1ZS7o5lsPFOgUGF4AaABAg,alguien me cuenta por que Ruzzarin borro su pod cast con Maduro?,,
45J0q2xi7Qk,Ugw_U_kewm6_foWj5AF4AaABAg,"Viendo los comentarios me doy cuenta de que la gente solo puede pensar en blanco o negro, creen que si un régimen teocrático es malo, el ataque de Israel y Estados Unidos será la salvación. No es así, aquí el problema es que tanto Trump como Netanyahu son unos oportunistas, hipócritas, mentirosos y saqueadores, lo único que quieren es el petróleo de Irán, tomar el control total de la región y perjudicar a China.  A ellos las mujeres iraníes les importa un carajo.  No hay que ser ingenuos, por favor, tal parece que no conocen nada de historia reciente del mundo, acaso no saben de todo el daño que Estados Unidos le ha hecho al mundo, especialmente a Latinoamérica, acaso no han visto lo que Israel y Estados Unidos han hecho en Gaza. Por favor, no hay que ser tan ingenuos para pensar que la vida de los iraníes va a mejorar después de esto, ojalá fuera así, pero solo saldrán de las llamas para caer en las brasas.",,
2I6B6QSY7AA,UgwKfXyNce2zPmzYJSZ4AaABAg,"Por eso no sigo a este wey, porque habla pura mmd",,
2I6B6QSY7AA,Ugwa15hDefRVjYcGekR4AaABAg.ARaGcr0fErPARaNxMGt7bR,"En ningún momento dijo que es su ídolo. En ningún momento se presentan pruebas de que Maduro haya sido un dictador. 

Todo lo que tienen los gringos es robado, por pendejos como tú, la gente se cree cualquier mamada que ve en redes como si fuera la verdad",,
_he3Z-xUr3g,UgzGg2RIdJJvrzGY5GR4AaABAg,Top manta a su país,,
2I6B6QSY7AA,UgwijlozkbCdIp1NcR94AaABAg,😂😂😂😂😂😂😂😂😂😂😂😂😂😂😂😂😂😂😂😂😂😂😂😂😂😂😂,,
45J0q2xi7Qk,UgyVgvbPLpaZsiBU1r14AaABAg,Lamentable suerte para los desecendientes de los persas ... el sha y los ayatolas son la misma porqueria y en medio una sociedad iraní soñando la libertad y desarrollo que ninguno de estos los concedería ...,,
2I6B6QSY7AA,UgxUc73Qu3Qo-2fz_rN4AaABAg,"Estas bien pendejo Ruzzarin o te pagaron por hacerte pendejo. 

Y como tú siempre dices que eres bien chingón, lo que queda es que te llegaron al precio.",,
2I6B6QSY7AA,UgydpdRrugTl1MjiZXd4AaABAg,"Tienes razón, al norcoreano le escupen en la calle",,
2I6B6QSY7AA,UgwcOK1dDq-eUwxvctN4AaABAg,"Narrativa sarcástica, dejó de ser narrativa y dejó de ser sarcástica.",,
2I6B6QSY7AA,Ugw0f97z82smUZ7tDYl4AaABAg,Dale la polalla,,
bHtI3lCm8wU,UgyzkQTQniNrbclxEyR4AaABAg,"Lo que no me explico es que si los esbirros castristas extranjeros como el multicuentas que siempre escribe en los videos de Cuba hablando de las supuestas culpas del ""criminal bloqueo"" (así le llama para dramatizar), decían que la entrada de Cuba a los BRICS (no sé cómo puede explicar eso si dice que hay un ""bloqueo"") sería la solución a la miseria, hambre y destrucción de Cuba, por qué el país sigue cada vez peor. ¿O es que China y Rusia son parte de su imaginario bloqueo?",,
bHtI3lCm8wU,UgxXbG5BI1vDighdUMR4AaABAg,"Donald Trump, el indiscutible líder del mundo en estos momentos, Presidente de la Libertad en las Américas....María Corina Machado, la indiscutible líder del pueblo de Venezuela en estos momentos, que cuando caiga completamente la tiranía castrochavista de ese país, dirigirá los destinos de la nueva Venezuela libre",,
_he3Z-xUr3g,UgyYvoOACZtC4lUDjIh4AaABAg.AUug50Nmh7_AUwABZCy5dd,Esto se va a arreglar💪🏻,,
45J0q2xi7Qk,Ugw4hU4i3ViK2f7V6Ft4AaABAg,Jajaja resumen del video CULPA de occidente bien ahi😎,,
srH80O3G_uQ,UgyVbPKgFgTrPYkKJPd4AaABAg,Que onda eso,,
45J0q2xi7Qk,Ugw2yaLGxjymnubT1Jt4AaABAg,"Este es un vídeo engaña bobos: 1) la mujer vestida de negro en la miniatura muestra el estilo de las mujeres en Arabia no de Irán, actualmente ahí no se usa niqab, menos aún burka, se utiliza el hiyab que permite ver el rostro completo. 2) Actualmente en Iran hay más mujeres en las unirsidedes que en la época de los Palevi, 3) Ninguna revolución, la que sea, triunfa sin el apoyo de las mayorías, Trump se equivoco al pensar que el ""Regimen"" de la revolución islámica no tenía el apoyo del pueblo Iraní, ellos están dispuestos a morir por sus creencias y eso será la principal causa de la primera gran derrota del imperio estaunidense en este siglo, esperen un tiempo y lo veran con sus propios ojos.",,
45J0q2xi7Qk,UgywP0GfiaiaUDNoak94AaABAg,"Déjelos, esa es su cultura que tiene mas 7 mil años",,
2I6B6QSY7AA,UgwzIkF43DA0v3eBWCJ4AaABAg,Son matices de dictador ps 💩.,,
bHtI3lCm8wU,UgxErmWQg6XGHVIq6VV4AaABAg,"M4ldit4 b45ura ese Castro, y lo peor que aun hay demasiados izquierdozos alimentando ese c4ncer😢",,
bHtI3lCm8wU,UgwbTIO7AWUUcklyKdt4AaABAg,A ver. Era el prostibulo más grande del america latina eso no es un progreso. Hoy no está mejor tampoco,,
45J0q2xi7Qk,UgxcDOPb9j051X8yfAt4AaABAg,cualquier parecido a Colombia es pura coincidencia con los zurdos comunistas,,
45J0q2xi7Qk,UgwcfI84ZDMT-mmf2_V4AaABAg,"Ah........ahora entiendoooo !!!! Como como a los ""libertinos para si mismos pero no para los demas"" no les gusta la cultura de otro pais, lo bombardéan !!! ah, si, si, ahora comprendo !",,
2I6B6QSY7AA,UgxBcjsWE-J3hD95OAx4AaABAg,De verdad que eres un lame botas del dictador camino la caye del pueblo sin estar rodeado de la gente del gobierno y veras la realidad de la gente,,
srH80O3G_uQ,UgxRbp6ts0IYwoghSkB4AaABAg,🤔 Tendrá su objetivo más al Este de Irán???,,
2I6B6QSY7AA,UgwHZ0pt3OaHnDYhPBh4AaABAg,"Ahora que vas a decir jalabolas, te mojaron la mano con dólares.",,
2I6B6QSY7AA,UgxeQqLLCW65U3oRAPJ4AaABAg,"Este tonto solo dice estupideces....y súper sesgado.,",,
_he3Z-xUr3g,UgxVMSTYB3tfPAEqIhR4AaABAg,Esto es autentico cine.,,
bHtI3lCm8wU,UgyUaQwtgM-_HvjxT7R4AaABAg,"2:00, 3 tacos después LA URSS ES LA ÚNICA QUE ES DE FIAR, vaya ese sujeto desde el principio era un comunista extremo que sabe más reprimir que de economía",,
srH80O3G_uQ,Ugyr3-OQdRn64BtLQ214AaABAg,"Los huties y  libaneses tienen q invadir terrestremente israel y devolverlos a todos a europa ,,",,
2I6B6QSY7AA,Ugzl3LLHXNNpDTVZnrl4AaABAg,TAMBIÉN VENGO A REÍRME DE TI PORQUE CAPTURARON A TU MAESTRO 🇺🇸 🇲🇽 🇻🇪,,
srH80O3G_uQ,UgyHwxNsPdNB9svKQGZ4AaABAg.AU43Ojjp3M2AU4V7xvartR,Y porque va perdiendo Irán ?,,
bHtI3lCm8wU,Ugx-c0ROJFgnmePPdDN4AaABAg,Lo mismo esta haciendo Morena en Mexico,,
2I6B6QSY7AA,UgwvgY_RRSGyDTY-zu14AaABAg,Yo vine buscando la entrevista a maduro pero no la encuentro eso está muy estético contingente,,
2I6B6QSY7AA,Ugx3MuzzP1ruZ8cb3TR4AaABAg,Brasileño pocos huevos,,
srH80O3G_uQ,UgxT8hSMnlYNi2LUovd4AaABAg,Ojalá bomaberdeen pero tu casa porque eres un insoportable,,
srH80O3G_uQ,UgzUbhuzFS_Svq0t1EN4AaABAg,Diego esta mas perdido de la realidad que un liberal🤣,,
2I6B6QSY7AA,UgwmUuIt7s2ZfHprrv54AaABAg,“Para eso son las elecciones” JAAJAJAJAJAJA menudo imbecil el ruzzarin,,
bHtI3lCm8wU,Ugys0m5bcasBWDqV1md4AaABAg,Y co.o viven sus hijas nietos y sobrinos? Tontos los cubanos,,
bHtI3lCm8wU,Ugw3AIWdn1Cfn0hKTnh4AaABAg,"El tirano Fidel Castro no solo acabó con la economía cubana. Acabó con Cuba como NACIÓN. Destruyó antropológicamente al cubano, le mató su patriotismo incentivando que el extranjero en Cuba tuviera mas prebendas que el cubano, la mayor parte de las construcciones en Cuba están en estado crítico y destruidas, todo está sucio y feo excepto las zonas residenciales de la mafia castrista y las zonas turísticas, y hasta han aparecido los pueblos fantasmas que antes de 1959 nunca existieran, todo debido a la alta emigración. Las familias cubanas han sido pulverizadas y divididas principalmente entre EEUU y Cuba donde la de EEUU mantiene a la de Cuba y por eso la gente en Cuba adora tanto a Miami, y el peso cubano ha sido convertido en basura y se le rinde culto en Cuba al dólar, algo impensable antes de 1959. El rescate de Cuba como nación cuando se logre liberar de la tiranía castrista, será un proceso largo, pues hasta la mala educación se a apoderado del cubano de hoy y robar se ha vuelto una práctica común en la gente.",,
45J0q2xi7Qk,Ugx9jMAH9z6NrRLkgch4AaABAg,"Siempre los pueblos buscando bienestar van de una lado al otro, siendo víctimas de lideres que se corrompen en el poder un ciclo sin fin",,
bHtI3lCm8wU,UgxvlBCkZ5JNkl9Qfbx4AaABAg,"Cubanos abran los ojos, Puerto Rico es una colonia gringa y está peor que Cuba, todo país que pisan los gringos lo destruyen, el imperialismo yanky paga para desanimar a los cubanos; acusan a Venezuela de meter droga a USA, pero allá la mariguana es legal, y allá viven los grandes productores de marigua sintética, acusan a México de meter fentanilo a su país y quieren destruir los carteles mexicanos, pero ellos mismos les venden toda clase de armas.
   Los gringos lo que quieren es ser ellos los capos de la droga por el dineral que genera su venta.
   Allá en cada calle hay dos dealers , y el gobierno lo permite por el dineral que deja.
   Cubanos patriotas no se crean de esos traidores, no están solos Rusia y China están con ustedes.
Y lo del comunismo es un fantasma con lo que el clero católico asusta a los idólatras de la guadalupana, los supersticiosos que se asustan con el petate del muerto.",,
45J0q2xi7Qk,UgzhFHFOjVD6OzsX3Zh4AaABAg,Cambiaste de editor??,,
45J0q2xi7Qk,UgwvJKXHJDhopG-yxa14AaABAg.AU-szX9U6cIAU1nSwtaBwo,"Lo mismo que los negacionistas de las Dictaduras Militares de Chile, Argentina, Paraguay y Brasil. En Centroamérica ocurrió una crisis política terminando en guerra civil Guatemalteca, Salvador y Nicaragua, dónde masacraron pueblos indígenas, persiguieron clerigos, y negociaron con narcos, busca el Caso Irán-Contra.",,
2I6B6QSY7AA,UgxVfB8SLYYloLAj9wx4AaABAg,"Vengo del futuro, secuestraron a Nicolás 💔😓😓😓 
Fuiste muy afortunado de conocerlo Diego, un gran honor conocer a Nicolás Maduro.",,
bHtI3lCm8wU,UgzoY7eKdCWw--4edwd4AaABAg,endemoniado comunista ya has de estar hirviendo en el infierno.👹👹🤨  ..,,
45J0q2xi7Qk,UgwwZAXKY-AEIJGQqmR4AaABAg,"Se van al extremo ahora. 
Casi DESNUDAS LAS MUJERES MUNDIAL casi😂
Q vistan normal pero tampoco DESNUDAS como ahora",,
bHtI3lCm8wU,Ugwq1Pt8VaCozBwJsjR4AaABAg,Just like Mandami will do to NYC🫵,,
srH80O3G_uQ,UgwgWPe9UnOo9WMkxLh4AaABAg,"Como siempre perdiendo guerras ,y no aprende estados unidos, que los paises se prepararon con mucho tirmpo como irán.",,
bHtI3lCm8wU,UgyY5hi8OundsSrItqN4AaABAg,"A la tiranía castrista nunca le importó el pueblo de Cuba, solo mantenerse en el poder para mantener sus privilegios. Y al tirano Fidel Castro solo le interesaba saciar su egolatría desmedida, los recursos de Cuba los usó y despilfarró en tratar de vender una imagen de mesías tercermundista en cuyo empeño fracasó y solo hoy queda de él la imagen de un anciano moringuero, detestado por las nuevas generaciones de cubanos por legarles un país sin esperanza, futuro y sin libertades, pero eso sí, adorado por cuanto bobalicón enfermizamente antionorteamericano hay en el mundo",,
45J0q2xi7Qk,UgxdODqyPhYoXMfcUtZ4AaABAg,"ESE REZA PABLEVI ,EL SHA,FUE UN DICTADOR,CORRUPTO!!!😢😢😢TAMPOCO HIZO NADA X EL PUEBLO!?!😢😢😢😢",,
_he3Z-xUr3g,UgymwWyKbEJnw3Qh-C94AaABAg,"MALDITOS PODEMITAS
ABSOKUTA BASURA, YA LO DICE PATXI: BASURA",,
srH80O3G_uQ,UgxgGQ5Df4ltP0XiHHJ4AaABAg,Cuando EEUU se retire será el momento de q Venezuela eche del país a los gringos y se quede con todas las petroleras.,,
srH80O3G_uQ,UgymHGio5toVCWiSulF4AaABAg,"Fuerza 🇮🇷 duro contra la coalición Epstein 💩, asesinos, pedófilos...",,
_he3Z-xUr3g,UgwHXpBmLhhrHnOaQOx4AaABAg,Pero si ha venido a brillar y a contribuir!!!!,,
2I6B6QSY7AA,Ugxc1vOLSFs73AqPgvB4AaABAg,"Un par de cosas medio raras ,creo que se refiere a un par de billetes",,
srH80O3G_uQ,Ugw6dz3HQUCwH44gZ4l4AaABAg,"Hermano y por que no hablas del
Gasto millonario en pérdidas que está teniendo Irán y que lo que hace Israel e Usa y bombardear laboratorios,bases, bodegas , suministros , almacenes etc que están valoradas en muchos millones vos los que sos es un fanático y hablas como tal",,
bHtI3lCm8wU,UgzvMlniZDpBUWMQUw94AaABAg,esta gente no debe morir en su cama,,
2I6B6QSY7AA,UgwG9f_bKQcvKRTVTXF4AaABAg,Este cuate está genuinamente muy estúpido.,,
srH80O3G_uQ,Ugy5K4eX1lVEJbXu4SB4AaABAg,"Tengo 10 años trabajando en New Jersey y desde que entró ese mald1it0o viejo naranja, la mald1it@ vida es más costosa y para ahorrar dinero ahora hay que tener prácticamente 2 trabajos (trabajar muchas más horas al día )",,
2I6B6QSY7AA,Ugzw5bbUlJlC6Uezw5p4AaABAg,este video envejecio tan mal  😅😅porque la enorme mayoria del pueblo Venezolano se alegraron con la caida de Maduro ante los Yankis 😅😅,,
2I6B6QSY7AA,UgwFO-kq2wnVVKObZJV4AaABAg,"bastardo comprado, espero te vaya igual que tu ídolo",,
2I6B6QSY7AA,UgzMdqs_SrXgE2655cN4AaABAg,Hola  alguien del 4 enero del 2026?,,
srH80O3G_uQ,UgxOMcf_QQqE9fB-7fN4AaABAg,"Diego, no encuentro el vídeo donde Irán da sus condiciones para parar.la guerra.
Lo censuraron? 
O dónde como lo busco?",,
srH80O3G_uQ,UgyhOnEakyT-97ZRSRJ4AaABAg,apoyemos todos a IRAN.... por la soberania de las naciones,,
srH80O3G_uQ,UgyhGA8t6d8cGK_mIVF4AaABAg.AU3fXpFt_H9AU3sqS82po-,"Han atacado varias escuelas y nueve hospitales, es lo primero que han atacado.",,
bHtI3lCm8wU,UgznZrDnKZwFmnnuFnd4AaABAg,*PRESIDENT TRUMP: MAKE CUBA GREAT AGAIN!!!*,,
bHtI3lCm8wU,UgzYad1aE2UnqOgQlRp4AaABAg,Fidel Castro dio el ejemplo para que también acabarán con Venezuela y ahora con Colombia. Que dolor,,
bHtI3lCm8wU,Ugz11luV4irFOvvC7hd4AaABAg,Los cubanos pensaron que si el trabajo se convertía en un derecho vivirían del estado sin trabajar y ahora sus descendientes de mueren de hambre,,
2I6B6QSY7AA,UgxiVOxJSlNez2QOEtl4AaABAg,Otro enchufado que tiene que aguantar Venezuela! Es obvio que te pagaron por ir allá y decir cosas bonitas de un dictador.,,
bHtI3lCm8wU,Ugz3Mm6shW6SLMubVd14AaABAg,Convirtió a Cuba en un país en ruinas....y sin libertades,,
srH80O3G_uQ,Ugx7T-mqQCnNTHYurW94AaABAg,"EEUU e Israel genocidas!
Esto es indudable!",,
45J0q2xi7Qk,UgwgdaDgvMLuPGQDvV14AaABAg,Esto solo es una muestra más de que el islam es el mayor cáncer del,,
bHtI3lCm8wU,UgxGvKZWK3aqctFvkpR4AaABAg,Es necesario  que  se cambie de gobierno  a un tipo de gobierno  capitalista socialista similar al modelo  que planteoʻ Victor Raúl  Haya de la Torre.,,
bHtI3lCm8wU,UgynTndPbM49d5X491t4AaABAg,"La Habana era un Hermoso País y Fidel Castro se apoderó de el  y el dueño de la Isla y tiene al pueblo de Cuba con hambre y con lo justo para cada día.
A mi me consta que los Turistas les llevan toallas higienecas a las cubanas y eso me parece denigrante.",,
bHtI3lCm8wU,Ugw3n2xMg39f6WJcmHx4AaABAg,Los socialistas tiene delirio de Reyes solo quieren tener súbditos pero que nadie este mejor que ellos.,,
bHtI3lCm8wU,Ugwf3tMXajqLxzqX0EJ4AaABAg,"Cuba es una inspiración del camino que no debe seguirse en Latinoamérica, para no terminar arruinada, destruida y sin libertades ciudadanas. Por eso Honduras y Bolivia mandaron al castrochavismo al basurero y seguro pronto también Chile. Que bueno que Cuba deja la enseñanza de cómo los pueblos pueden terminar bajo el yugo opresor de una tiranía comunista y un cacique megalómano al frente.",,
45J0q2xi7Qk,UgzxrhcvYiRSe7VUkKd4AaABAg,El Koran si mahoma no va a la Montaña la montaña ira ah mahoma,,
bHtI3lCm8wU,Ugx4pkQl5ikSKKEp-Nh4AaABAg,"THE CUBAN PEOPLES HAVE BEEN RESPECTED AROUND THE WORLD, BECAUSE OF THE CASTRO . HE HAS PREPARED THEM; ALL OF THEM HAVE THEIR OWN BUSINESSES.  ALL OF THEM ARE EDUCATED.",,
srH80O3G_uQ,UgzXYLTW0a5jLG7WBpJ4AaABAg,Que así sea!!!,,
bHtI3lCm8wU,UgwEwgJuhb3vNDanowh4AaABAg,"El gobierno de USA nunca ofreció negocios al gobierno de Cuba (a ninguno) antes de 1959. Las inversiones eran privadas. La exURSS nunca ofreció negocios al tirano Fidel Castro, simplemente le subsidiaba comprándole azúcar (productos básicos) a un precio mayor que en el mercado mundial y vendiéndole petróleo barato, el cual el tirano Fidel Castro aprovechaba para vender a mayor precio en el mercado mundial y sacarle una ganancia (algo que la URSS nunca protestó pese a que lo sabía). Por eso los apagones, ahora tan prolongados y habituales, siempre los hubo en Cuba.",,
45J0q2xi7Qk,Ugz1SIzOhtXQ6PwDYoZ4AaABAg,"Este video es para justificar los Ataques de Israel y EEUU???? PORQUE ahora critican a IRAN? CADA pais tiene el gobernante que merece,Sabian uds que EEUU   invadió Mexico de un dia para otro y le quito casi la mitad de su territorio? O Inglaterra todavia tiene mas  de 10 colonias??? No a la Guerra!!!",,
bHtI3lCm8wU,UgwOoL9XFmXLAwlZwh14AaABAg,"Lo,es,SER, Estupido queriendo Presumir de,lo, que CARECE: Inteligencia!... Ojalá se, este,ROSTIZSNDO,en,el, Infierno, mugres Castro!...",,
bHtI3lCm8wU,UgyYWjPtVBfQxINSFYd4AaABAg,Dicen que el bloqueo de EEUU no afecta Pero que me dicen de la ley helms-burton?,,
45J0q2xi7Qk,Ugyb7Y6yqYvksAuqD-N4AaABAg,Irán es tal cual lo que es hoy antes de la intervención de 1953 y hay que aceptar su destino de cada país sin intervenciones para que cambie simplemente porque otro país lo dice por qué no podemos cambiar la vida de nuestros vecinos y decirle cómo tienen que vivir y qué es lo que tienen que hacer ni meternos en la vida de nadie más solamente tenemos que aceptar tal cual como somos,,
2I6B6QSY7AA,UgyprB1Rwxzmx9qiJ6F4AaABAg,"Aquí la opinión de una venezolana, que ha vivido el gobierno que tanto defiendes. Por qué si, es muy bonito blanquear las dictaduras desde tu casa en Mèxico, con todas las comodidades, publicando mierdas desde X con tu iPhone en mano 😅 

https://youtu.be/sni7_gDfKg8?si=ZRkeSHlJFZtQlCKz",,
2I6B6QSY7AA,UgzvQrXHwJESvOxDKoN4AaABAg,Que Bien Hablas!,,
2I6B6QSY7AA,UgxRrmWaR6KPL_GhcFZ4AaABAg,Se expuso solo.,,
2I6B6QSY7AA,UgwZddvfyCLooDX8NiR4AaABAg,"Ojalá maduro hable de cuando te contrato, si tato te gusta el comunismo que haces en México?",,
bHtI3lCm8wU,UgxaLi4lqyqsqPqIubV4AaABAg,"Los gobiernos antes de 1959 trabajaban arduamente por atraer capitales a Cuba, inclusive sin importarles con ridículos moralismos (los países que atraen hacia ellos grandes inversiones asi lo hacen y por eso se desarrollan) de quien era ese capital. El tirano Fidel Castro alejó los capitales de Cuba, robando las empresas, tierras y propiedades a sus dueños, con lo cual el sector empresarial en Cuba se destruyó, y hubo de vivirse de parásito de las limosnas de la URSS por tres décadas, y luego de Venezuela, haciendo de Cuba una limosnera internacional bajo la máscara de victimizarse.",,
bHtI3lCm8wU,Ugy1pR8OlxSgZDClSPV4AaABAg,"Los comunistas solo son valientes en discursos, en la práctica son cobardones. Miren a al tirano Maduro pidiendo ayuda internacional pero escondido donde nadie sabe donde esté. Igual de cobardóna era el ""Fifo"" de Cuba, que nunca disparó ni un solo tiro pero en los discursos se las daba de valiente mientras  hacía que oros murieran en su nombre, mientras se escondía excesivamente detrás de guardaespaldas ya una vez que estuvo en el poder",,
bHtI3lCm8wU,Ugx4fGpozZSjk1HaiWd4AaABAg,"Cuba desde 1959 perdió la posibilidad de convertirse en un paraíso, fue durante tres décadas ficticiamente y parasitariamente mantenida en pie por la URSS hasta que pulverizaron el comunismo en ese país y los cubanos pudieran saber la verdad de la ruina causada a la economía cubana durante el período de existencia de la URSS, en el cual el tirano Fidel Castro despilfarró multimillonarios recursos recibidos de ese país para fomentar el terrorismo y la subversión en América Latina y en guerras en África, en hacer donaciones civiles (aeropuertos, hospitales, etc.) a terceros países, y en todo aquello que pudiera proyectar su imagen de supuesto mesías del tercer mundo ante todos los tontos que le han admirado, sin importarles cómo Cuba se destruía y el cubano cada vez vive peor. Recibió una economía en crecimiento, pero su egolatría y mala administración del país, y su forma totalitaria de gobernar, provocaron la ruina de Cuba hasta llevarla a ese Estado fallido que es hoy. Hoy Cuba es un país haitianizado por el tirano Fidel Castro, convirtió a toda Cuba en una gran favela-cárcel, el gueto de América, en el Alcatraz del Caribe. Después, como siempre hacen los comunistas, solo le quedó a la tiranía castrista victimizarse culpando a un tercero de la destrucción (no solo económica) que ella ha causado a Cuba, algo que no le ha funcionado.",,
2I6B6QSY7AA,UgyGOfvWJy78QIglLkh4AaABAg,"y ya borraste mucho de tu material con Maduro en redes, mas que vendido eres es obvioooooo que el régimen te pagaba, tu credibilidad al suelo",,
bHtI3lCm8wU,UgxXlpjThChmA8GBq-94AaABAg,NO SE PARECE A NADA CON EL SALVADOR,,
srH80O3G_uQ,Ugzf3tdw7QMIdzrsfB54AaABAg,VIVA EL CAPITALISMO,,
45J0q2xi7Qk,UgyotDRbD2vTNFswzTx4AaABAg,"Propaganda yanqui. Es cierto que el Sha permitió la occidentalización  y eso que  todo era paz y convivencia pacífica  con los israelíes es falso. Se mantenían buenas relaciones porque  el Sha era subordinado de Israel. Cuando subieron los Ayatolás todo se puso en orden. Critico también ciertos abusos hacia las mujeres pero por eso se va a destrozar al país en una guerra infame, lo que se desea es apoderarse de las reservas petrolíferas de Irán.",,
_he3Z-xUr3g,UgyyZiYi0fTt-cfXTIl4AaABAg,6:50 UNA PERUANA CLIENTELISTA DANDO VERGUENZA PERO VIVIENDO DE LO LINDO DEL ESTADO ESPAÑOL.. 😅😅😅😅,,
bHtI3lCm8wU,UgylAaDAxVkhwFSgloF4AaABAg,Bastante ignorante Fidel Castro..al igual que Maduro solo balbucean el idioma Ingles,,
45J0q2xi7Qk,Ugza-Kij4YrUnPLr8r14AaABAg,"Libertad, justicia y amor.  Dios existe",,
45J0q2xi7Qk,UgwIjPyhGMmwtD4367N4AaABAg,Ojalá y Trump libere a todas estas mujeres,,
srH80O3G_uQ,Ugz1We9cl-AJT_c6T7R4AaABAg,Esta Guerra será conocida como la guerra Epstein,,
srH80O3G_uQ,UgwTysJLBFU28kxqrGF4AaABAg,"😂😂 resulta que si han penetrado sus escudos anti misiles (USA e Israel), y como dices no han usado los mejores misiles.",,
45J0q2xi7Qk,UgwQ_rRrbC_kZ6A_qs54AaABAg,"La verdad nunca fue un país libre Irán, en todo momento hubo pobreza, muerte y opresión. Que triste que un país siempre viva asfixiado de una forma u otra",,
2I6B6QSY7AA,Ugz76jXKe3dE6lStW354AaABAg.ARXRvlEESazAR_pYTiIyhi,lo secuestraron los terroristas quedras decir mijo,,
srH80O3G_uQ,Ugw55_Lt-qydII63GIB4AaABAg,Estados unidos perderá esta guerra,,
45J0q2xi7Qk,UgxigGF6dTbNiA0v1YZ4AaABAg.AU7-mdC-1gIAUpXHWD6FGW,El cáncer más grande es el neoliberalismo y el sionismo,,
bHtI3lCm8wU,UgxGT-85CLfbxXm1rrV4AaABAg,"¿Por qué nunca hablan de los multimillonarios recursos que l tirano Fidel Castro recibió durante tres décadas de la URSS y con los cuales cualquier país se hubiera desarrollado de no haber sido despilfarrados por él en promover terrorismo y subversión, en participar en guerras en África y en hacer construcciones civiles en otros países, todo por su obsesión megalomaníaca de vender una imagen de mesías tercermundista, mientras Cuba se caía a pedazos",,
45J0q2xi7Qk,UgyrvYqr1x2wT-IjIAZ4AaABAg,Como pudo qe esos desgraciados llegaron a ese estado tirano,,
2I6B6QSY7AA,UgxKbPor8Vv0yHPJlUJ4AaABAg.ARX2m0dy5sxARbsuI_bsUg,El compa tiene el ego muy elevado para reconocer que se  equivocó,,
45J0q2xi7Qk,UgxbyyzoSzE9QUvwMrJ4AaABAg.AUKpCOboltNAUpWRzhL7fl,​@H.J2121Narcoestado ya era desde el sexenio de Calderón.,,
2I6B6QSY7AA,UgxCwY15OBZKu4ND3_54AaABAg,a este tambien le debe caer su respectiva cítica,,
45J0q2xi7Qk,Ugx09OtiprcaP8gXiYd4AaABAg,IRANIÉS mALECHORES,,
_he3Z-xUr3g,UgzHj9WW-FOxD4kF8EB4AaABAg,"Este es el que se ofendía si le llamaban de color, y negro también....no se da cuenta que si lo criticamos, no es por negro, es por idiota",,
bHtI3lCm8wU,UgzjF62dN_RoHBmrg8B4AaABAg,"El tirano Fidel Castro al estatizar la economía robando las empresas a sus dueños, destruyó el tejido productivo de Cuba, y nunca supo administrarlas luego, hasta sectores tan básicos como los agropecuarios y de la pesca, que debían dar de comer al pueblo, fueron destruidos y por eso la hambruna generalizad de hoy",,
bHtI3lCm8wU,Ugz4j_1s8rnzqRPC5v54AaABAg,Same US narative blame the the Victim cuba and the people of Cuba. Sanctions have destroyed Cuba,,
45J0q2xi7Qk,Ugyr5OsBD05sKP65M-14AaABAg,"El sha era una 💩 también,puesto por estados unidos y Francia para que irán no nacionalizar su petróleo",,
2I6B6QSY7AA,UgyZ3KR0f-fa5vLzajl4AaABAg.ARWQuAPv9oBARZzONSnXUb,Ya lo capturaron con su colección de motos 😂,,
bHtI3lCm8wU,UgyPYMHDFInhwXqi5W54AaABAg,"La acabó como un tirano que era, y no solo la economía, también a las familias, las edificaciones, la cultura y el arte y hasta las libertades (que fue lo que más destruyó)",,
45J0q2xi7Qk,Ugxj7JjNDbvZIup7nEZ4AaABAg.AUFXzkg9Ke2AUpWr08rWGE,No digas mmdas que en México hasta libertad de expresión tenemos de sobra,,
srH80O3G_uQ,UgzScQidWaKPET9B7Tt4AaABAg.AU3uRNLM64FAU6VsPT6jeG,​@calnv será porque está peleando sólo? ustedes los libertarios necesitan que les expliquen todo con palos y palitos..😂😂,,
_he3Z-xUr3g,UgwMI2BOBm_oiFnXyKF4AaABAg,"Este tipo de información es cuando a uno les sale: pero que les pasa? por qué no se defienden, como es que en vez de ir en contra del infractor se van con quien intenta poner orden?. Y la gente que salta en automáico con todo es racismo....uf",,
45J0q2xi7Qk,UgzbsfkYBdOvQBjcDAZ4AaABAg,Que gran país hubiese sido Irán si no hubiera caído ante el regimen islamico,,
45J0q2xi7Qk,Ugy9i0TdN1q2ctfODxJ4AaABAg,5:23 Ese momento fue dónde en verdad se jodio Irán.,,
bHtI3lCm8wU,UgyqVYcdzf5HQ2uo4tx4AaABAg,Fidel was a CIA agent the whole time. Appointed to destroy cuba from within!,,
2I6B6QSY7AA,UgzL9oDauHU5-zuB33l4AaABAg,"Para todos criticando a Diego de que el vídeo “envejeció mal”: él siempre da su opinión para que la gente reflexione. En ningún momento ha dicho que “posee la verdad”. Siempre es importante analizar todos los puntos de vista.
Dicho esto, Diego, sí que pienso que a veces pecas de querer ir demasiado en contra de lo que dice la mayoría o lo que “defiende el capitalismo”. Es decir, SIEMPRE vas en contra en vez de recapacitar y pensar que quizás “el otro lado tiene razón”. Hay veces que la mayoría sí que está en la verdad. Te dejo esto para que lo reflexiones.

Además, viendo el podcast, se nota que te aburres hablando con él porque no está a tu altura intelectual. Pero aguantas porque tienes interés en anunciarte en contra del capitalismo. No le corriges cuando se equivoca o dice tonterías….",,
bHtI3lCm8wU,UgyoHPrNVKUzfKeZ1RB4AaABAg,No fue el fueron los cubanos fue el pueblo que lo permitió. Cuando el gobierno empezó con los tales subsidios el pueblo no trabaja empieza aborreciendo los capitales. Así que fueron los cubanos.,,
bHtI3lCm8wU,Ugygcbf540G7jPKV3sl4AaABAg,"Excelente la información que se brinda en el video, que tanto molesta al wokerío zurdirojete de otros países.",,
2I6B6QSY7AA,Ugyo2DPO4xkStLepOpZ4AaABAg,Calla huevonazo!,,
bHtI3lCm8wU,UgyGCB7cbhHgIm0DrNp4AaABAg,"Que bien que el video deje claro que Rusia y China no se meterán en el conflicto de la tiranía castrista con los EEUU de la cual ella, empezando por el tirano Fidel Castro, son los causantes. Ya desde antes de 1959 en la Sierra Maestra el tirano Fidel Castro dijo en una carta a su mante, que si llegaba al poder le haría una guerra a los EEUU, y a eso se dedicó toda su vida desde el mismo 1959. Lo peor es que arrastró a la mayoría de los cubanos de entonces a ello, que como borregos se prestaron. Menos mal que las nuevas generaciones aprecian mas a los EEUU que a la tiranía castrista",,
45J0q2xi7Qk,UgxDVpoHeyd2ZvTJggt4AaABAg,"La masa a veces puede ser muy estúpida, aunque siendo justos al principio fueron solo un grupo de islamistas y universitarios radicales. Btw, no se considera realmente una teocracia, de por si los musulmanes casi ni tenian teocracias, sus monarcas llevaban los titulos de califa u otro religioso, pero bueno sobre todo porque es mas un grupo de radicales que tomaron el poder que otra cosa. Las teocracias de verdad fueron lso Estados Pontificios, diversos obispados y arzobispados y tambien hay ejemplo en Asia, sobre todo el Tibet. Es increible como los musulmanes logran hacer, de alguna forma, todas las cosas mal o a peor jaja",,
bHtI3lCm8wU,Ugwaf2_c-7wJFf3pk494AaABAg.AMTdzXKdrBVAQSL8LnBCaB,"Los médicos son buenos, pero lástima que son tas mal pagados en Cuba, viven en la miseria",,
45J0q2xi7Qk,UgwZRy6IWHfoTMmTwAB4AaABAg,Y los derechos humanos que no existen 😊,,
srH80O3G_uQ,UgzgqTjrx5FgpHjVqBd4AaABAg,Ojala tus palabras sean profeticas y se cumplan!....y mira!...loque los archivos epstein lograron!...un abrazo bro!,,
2I6B6QSY7AA,UgzwvnBR1ulx-piNzaN4AaABAg,"Que descaro Ruzzarin, se nota luego luego que sabes que todo lo que dijiste era una mamada. Es una falta de respeto a tu audiencia, nos tomas de tontos.",,
2I6B6QSY7AA,Ugz76jXKe3dE6lStW354AaABAg.ARXRvlEESazARZIhIg8eSM,"​@DanyGg-c8lse podría decir que ""ha caído"" si de manera orgánica y espontánea la gente se hubiera hartado de su gobierno, pero eso estaba tan lejos de ocurrir que EU debió invadir un país y secuestrar al presidente para que unos súbditos mentales puedan decir que Maduro ""ha caído"".",,
bHtI3lCm8wU,UgwL7USvsxkruiMYW1d4AaABAg,"Por más que yo soy socialista me pone triste ver eso
Porque mucha gente murio en el transurso por aquel regimen comunista extremista
Parami cualquier ideologia que es extremista deberia ser prohibida",,
45J0q2xi7Qk,UgxKdDI7L1uZm78intN4AaABAg,Conflicto! Gracias ❤,,
2I6B6QSY7AA,UgzaPia64Sn14cuaxcd4AaABAg,No eran ni llegaron hacer socialistas 03/01/2026,,
bHtI3lCm8wU,Ugyd-vqKGNpQ5UtG3zp4AaABAg,Y aqui el pc rindiéndole culto a Fidel y al che guevara xd,,
2I6B6QSY7AA,UgzWlWMFu5e5yiE_FdV4AaABAg,"JAJAJAJAJAJAJAJAJ 🤡

🤡

🤡

🤡

🤡

🤡",,
2I6B6QSY7AA,Ugz76jXKe3dE6lStW354AaABAg.ARXRvlEESazARaUbeiLUj3,​​@maxberg-ij7dntu descocada  madre fue quise decir pt,,
bHtI3lCm8wU,UgxxWjTpC6u2hk3HbON4AaABAg,y hoy en día se han sacado todo el dinero los militares y realmente no queda ningún servicio atendido en Cuba,,
45J0q2xi7Qk,Ugz8w2ZeuHkFSc4d8bV4AaABAg.AU3aaBemQcWAU3b31ZHGQv,"Así era Palestina, un lugar donde todas las religiones convivían en paz hasta que llegó el SIONISMO y todo se volvió un caos.",,
bHtI3lCm8wU,UgxdKPzEpmLpfacNDxx4AaABAg,"Le dan mucha importancia al aspecto económico, y no toman en cuenta que el tirano Fidel Castro destruyó TODA LA NACIÓN CUBANA. Cuba es hoy una ruina de país, un Estado fallido.",,
45J0q2xi7Qk,UgxWsj2C0pTo2iHNz_t4AaABAg,"Cuando cambió se adelantan, si aun no pasa nada 😅😅😅😅",,
2I6B6QSY7AA,UgyNtG17JFFH2tgGZbB4AaABAg,"Pues llegaste con vergüenza al futuro, ya capturaron a tu ídolo. Nunca aplicaste lo que dijiste",,
2I6B6QSY7AA,UgylXmLLs-MXzUmlgiF4AaABAg,como se etiqueta a trump para que venga por este vato junto con sheinbaum y amlo?,,
srH80O3G_uQ,UgzHXG3DHkyyqzE6Vrl4AaABAg.AU3WSPIELcyAU3XpOAqLVl,"​​@joaquinasolesole76 de hecho, la nación persa como tal tiene 2.576 años, si contamos desde los primeros habitantes qué fueron elamitas, entonces serían 5.000 años, pero los elamitas no eran persas",,
45J0q2xi7Qk,UgxK5OPvBr1nv5bDNax4AaABAg,Magnífica narrativa e información clara. Gracias,,
bHtI3lCm8wU,UgzocmQ3s3TzKLSqEnt4AaABAg,"excelente video, es la muestra de esa Cuba que fue haitianizada por la tiranía castrista, convirtiéndola en uno de los países mas pobres de América, a diferencia de su crecimiento económico acelerado y avance pujante cada vez mayor de una clase media que tenía antes de 1959...en todos los países hay gente pobre, pero no son la inmensa mayoría de la población como en Cuba, donde solo la oligarquía castrista viven como ricachones en las casas y mansiones robadas en las zonas residenciales a sus dueños originales....y lo que es peor, es el pueblo con menos libertades de América Latina",,
srH80O3G_uQ,Ugy9csRlItJqbsjHDh94AaABAg.AU3ksd7fTOMAU3n9m5hq4f,​@samibarruecos ahhhh ya vi 🤣,,
45J0q2xi7Qk,UgwySluqEtnbZUNTHv54AaABAg,"Que Lindo era la vida en IRAN libre en esos años 70, luego con la dictadura y el FANATISMO la vino a cagar , IRAN con tanto petróleo seria unos o el pais mas bello y moderno del planeta , pero no , como siempre el FANATISMO y LA CORUPCION  la viene cagar , la locura del humano .",,
45J0q2xi7Qk,UgzgIsHGdZcvBwy4fMd4AaABAg.AU1pj4Kn-HNAULNov7oQf4,VAN A DAR EL PODER AL PUEBLO VE BURRRO,,
45J0q2xi7Qk,UgzZ3Vx4xnLb9OfNOgZ4AaABAg,"Y recuerden señores, el islam es lo peor del planeta junto con el socialismo.",,
2I6B6QSY7AA,UgyFW2d4jsQCoznXAjV4AaABAg,Vengo del futuro. Jajajajajaja Diego Ruzzarin fuiste la escort de Maduro jajajaja que bajo eres.,,
bHtI3lCm8wU,Ugxu2b4rhSBFSTcF3lJ4AaABAg,"😂 jajajaja, verdad 😮",,
2I6B6QSY7AA,UgxpMeGap-iPF6nCtBx4AaABAg,"Jajajajaja todo puñetas, cómo estarás ahora que ni tú te aguantas tu narcisismo, che vato arrogante",,
bHtI3lCm8wU,UgzsL_RsW16Yq99lOrd4AaABAg,"La culpa no es de Fidel, es de Estsdos Unidos por el bloqueo",,
bHtI3lCm8wU,UgzmS0FH-e7tT33UA6V4AaABAg,No era socialista era comunista en toda regla.,,
srH80O3G_uQ,Ugzb39iJu9fYzwjM2op4AaABAg,"Coincido totalmente, Dieguito acertaste canijo.",,
45J0q2xi7Qk,UgyQ2o_CExWxlL2Ro0h4AaABAg,al sistema gringo no le importa su cultura lo gue ellos quieren són recursos recursos,,
bHtI3lCm8wU,UgxqJKTCsdENzK8yUcV4AaABAg,How much is the CIA paying you to produce this crap?,,
2I6B6QSY7AA,UgxNgNKqIovsgZkWc494AaABAg.ARXD3_2zUmLARXGzYeTPj3,Mejor descargalo,,
bHtI3lCm8wU,UgxkVg6ZKkGvAHdWxp94AaABAg,"Además de separarlas con sus “leyes” y sanciones migratorias, el tirano Fidel Castro sembró un mar de luto a las familias cubanas, que antes de 1959 siempre se mantenían unidas, es el régimen mas sangriento que ha padecido Cuba en toda su historia. Cuba castrista participó en guerras en África y en otros países, en las cuales nunca debió participar, el tirano Fidel Castro despilfarró multimillonarios recursos allí. Los cubanos fueron enviados inútilmente a morir, entre otros países, a Etiopía y a s, y no queríamos estar allí, pero teníamos que ir o a nosotros nos expulsaban del centro de estudios o del trabajo, y nuestra familia quedaba marcada, por eso mucha gente buscó escaparse de Cuba en 1980 con la crisis migratoria del Mariel. Miles de cubanos (2,655 según la falseadas cifras castristas) murieron en esa guerra que duró unos 14 años, en dos países que en nada han agradecido a Cuba, el tirano que apoyó la tiranía castrista en Etiopía tuvo que huir ante un levantamiento popular años más tarde, y la hija del presidente angolano hoy día es la mujer mas rica de África, así que miren cuánto robó. Que tristeza, cuántas familias se llenaron de luto en Cuba por culpa de las obsesiones mesiánicas del difunto tirano Fidel Castro. Hoy Cuba se debate en la miseria de ese pueblo que fue a esas guerras, y ninguno de esos países africanos hace nada solidario en materia económica por el pueblo de Cuba. Los cubanos vivían espantados cada vez que tocaban a la puerta de su casa, pensando que podía ser un citatorio del Comité Militar para ir a esas guerras. Muchos que pudieron regresar con vida, tuvieron secuelas de traumas sicológicos por mucho tiempo, y algunos se refugiaron en el alcohol. Oros quedaron lisiados. El tirano Fidel Castro y la tiranía castrista tienen un juicio pendiente por ese motivo, ante el pueblo cubano.",,
srH80O3G_uQ,Ugx00HbA_cvz-KIbK1J4AaABAg.AU3j_ub_hZ9AU5l3Om7VzZ,​@armandopleitos1202 Pero matan igual Hermano.,,
bHtI3lCm8wU,UgxaNfGYqQcLiaHVKUp4AaABAg,"No fue solo la economía, destruyó a toda Cuba como NACIÓN.",,
srH80O3G_uQ,Ugy9csRlItJqbsjHDh94AaABAg.AU3ksd7fTOMAU3lqSC3eNm,Yo creo que Ruzzarin de meterse algo raro para decir algo así🤣,,
srH80O3G_uQ,Ugx4En5LPK_2fvpJ_5x4AaABAg,Nos vamos en mismo biaje el fin del mundo esta cerca solo por el petroleo y que en nada nos beneficia a todos en el mundo ! POR QUE DIOS PERMITES ESTO ?,,
bHtI3lCm8wU,UgxvNU6sD0g3U7mydnh4AaABAg,ERES UN MENTIROSO,,
srH80O3G_uQ,UgwwUbJCpSUL3_9VCxJ4AaABAg,Duos quiera que paren toda esta locura porque la paz es lo mejor para todos los países del mundo,,
2I6B6QSY7AA,UgyrxS3r05tQLrP6_tx4AaABAg,Quitenle la visa a este zurdo san petrino,,
2I6B6QSY7AA,UgyyAvjxMrrSL80PfVB4AaABAg,"Esto lo hizo AMLO por 30 años en México y no veo ningún video de Diego !! 
Mmmm con razón , no es mexicano !! 🤔💪🤓🇲🇽",,
45J0q2xi7Qk,UgxOdxAjA5oVFZ8RSut4AaABAg,Es increíble el retroceso que sufrieron esos países por culpa de esos islámicos extremistas,,
_he3Z-xUr3g,Ugw0XFtz4NancQxH7O94AaABAg,no busca la paz busca problemas porque aqui no es feliz ni lo sera nunca España te recomienda por AHORA que vuelvas a tu aldea,,
srH80O3G_uQ,UgzluobI8RTtDgyMYa94AaABAg,"Los Imperios no son eternos, si se acaba el mundo que así sea, el universo no de pierde de nada, el ser humano puede llegar a ser muuuuy pelogroso hasta para si mismo",,
bHtI3lCm8wU,Ugyiq6k_sr1PQbgC-jl4AaABAg,"PESE AL GOLPE DE ESTADO DE BATISTA, NO CABE DUDA QUE FUERON LOS SIETE AÑOS DE MAYOR CRECIMIENTO, PROPERIDAD Y MODERNIZACIÓN DE CUBA. LA ESTUPIDEZ FUE LA DEL PUEBLO DE CUBA AL DEJARSE ENGAÑAR CON VERBORREA Y FALSEDADES POR EL TIRANO DE FIDEL CASTRO, QUE CON MUCHA HABILIDAD LES ENGAÑÓ E INSTURÓ LA TIRANÍA MAS LONGEVA Y REPRESIVA QUE HA PADECIDO CUBA, Y QUE PESE A HABER DISPUESTO DE MULTIMILLONARIOS RECURSOS PARÁSITAMENTE RECIBIDOS DE LA URRS, DESTRUYÓ EL PÍS Y EMPLEÓ ESOS RECURSOS EN TRATAR DE VERDER EGÓLATRAMENTE SU IMAGEN AL MUNDO COMO SI FUESE UN MESÍAS....HOY LA GENTE EN CUBA LAMENTE HABER CAMBIADO A BATISTA POR CASTRO, LAS CONSECUENCIAS FUERON NEFASTAS",,
srH80O3G_uQ,Ugz9vY38kvoayV2MVdN4AaABAg,Hago tiene que pasar por que este loco esta acabando con la humanidad la guerra no es buena para nada,,
bHtI3lCm8wU,UgwmZse0lM74SziG61F4AaABAg,"¿Cómo despilfarró el tirano Fidel Castro los multimillonarios recursos que por tres décadas recibió de la URSS, mientras convertía a Cuba en pa´rasita de otros países y en limosnera internacional? Los cubanos bien lo saben, por eso le culpan de la destrucción de Cuba (además de establecer la tiranía mas totalitaria y longeva de Las Américas)",,
srH80O3G_uQ,Ugx9mKc5bhzyGOiIL0Z4AaABAg,"Que tu boca sea profética estimado Diego, ya basta de tanta felonía del imperio, tantas atrocidades grin gas, tanta prepotencia cri minal de este Trompetas y del ente geno cida de Satanyahu!",,
45J0q2xi7Qk,Ugzm3SCpCIBDMw3nUth4AaABAg,Mas quem lá colocou estes tipos no Irão foi o império americano….. então agora já não estão satisfeitos porquê? Mas o antigo regime também era bastante sanguinário e bem corrupto….estudem lá história e não digam tanta merd@ por favor,,
2I6B6QSY7AA,UgyY2BOVSaOUu3HZ4EJ4AaABAg,"Tremenda experiencia 😂
Deberías de volver a subir la entrevista que borrastes. 

Es increíble que pretendas proyectarse como alguien intelectual y no posees la inteligencia mínima para darte cuenta que a un dictador NADIE lo va a enfrentar en su país para criticarlo. A esos, el dictador los manda a eliminar.",,
2I6B6QSY7AA,UgzDs7TNNnaqbxumnAt4AaABAg,Le van a glasear la rosca a este wey jajajaja,,
srH80O3G_uQ,UgzCsgzDyPndLB44YSt4AaABAg,"Irán no es perra sumisa 
Están dispuestos a llegar al final; y lo estamos viendo",,
bHtI3lCm8wU,UgwHqQ5eRal4JBWcWOF4AaABAg.AKwgcfYUh3nALDybAWaumS,"Golpe de estado: Un golpe de estado es una toma ilegal e ilegítima del poder político de un país, generalmente por parte de las fuerzas armadas o de un grupo rebelde. Implica el desplazamiento de las autoridades existentes a través de medios violentos o ilegales, con el objetivo de establecer un nuevo régimen. Es exactamente lo que hizo Fidel Castro",,
45J0q2xi7Qk,UgzxFpnYolW931zZv2l4AaABAg,Según escucho la historia siempre será la misma cada quien que llega al poder no le importa la población todos hacen lo mismo enriquecerse y hacer el mal hubo libertad antes pero acompañado de pobreza y ahora represión muerte y la maldita pobreza a nadie le importa los pobres,,
srH80O3G_uQ,UgzGyGFZkVe4GepEABh4AaABAg,Quitarle las armas nucleares a Iran🤣🤣🤣🤣🤣🤣🤣🤣🤣🤣🤣🤣🤣,,
_he3Z-xUr3g,UgwyXL8naYL_cO3AU254AaABAg,"Yo vivi ese tiempo en que si alguien agredia a la policía gris franquista,como minimo acababa en un hospital y después en un calabozo todos tenian ese negro final.",,
_he3Z-xUr3g,UgyXVbURjnDb4AXWbA94AaABAg.AUtxJpQH4MVAUtyM5IwL1Y,Mbayé vive en Madrid,,
45J0q2xi7Qk,UgyZ3CpzoJ_RNuvPlK54AaABAg,"Komeini..fué lo más loco..retrógrado mental..que tuvo irán...con posturas comunistas..antidemocrático..que haya existido
Peorrrrrr...que con el Shá R.Palhevi. !!",,
45J0q2xi7Qk,UgyDlTGpEorD8BsEJf94AaABAg,"Es increible como eran los 70 en Iran, Venezuela, España....menos mal que ahora estan y estamos mejor con el ""progreso"" de narcodictaduras y regimenes de terroristas que mucha gente defiende.",,
