text,dataset_source,use_for,label,text_clean
pues hazme los deberes furcia barata,multilingual_paradetox_es,analysis,,pues hazme los deberes furcia barata
Conclusión: pura mierda de paranormal....,multilingual_paradetox_es,analysis,,conclusión: pura mierda de paranormal....
Algunos pierden la cabeza por llegar a Paguitalandia.,multilingual_paradetox_es,analysis,,algunos pierden la cabeza por llegar a paguitalandia.
"Si los ladrones y golpistas de izquierda no le hubieran hecho tanto daño a Chile, probablemente todo sería mejor.",multilingual_paradetox_es,analysis,,"si los ladrones y golpistas de izquierda no le hubieran hecho tanto daño a chile, probablemente todo sería mejor."
No se puede tener peor gusto diseñando camisetas pa una peña  Que verguenza maricon,multilingual_paradetox_es,analysis,,no se puede tener peor gusto diseñando camisetas pa una peña que verguenza maricon
Que analogía rebuscada y de mierda,multilingual_paradetox_es,analysis,,que analogía rebuscada y de mierda
"Periodismo de mierda justificando esto !""",multilingual_paradetox_es,analysis,,"periodismo de mierda justificando esto !"""
JAJAJAJAJJAJA que vas a eclipsar tú y el otro subnormal xd,multilingual_paradetox_es,analysis,,jajajajajjaja que vas a eclipsar tú y el otro subnormal xd
"Pero que lo haga el gobierno y saqué pasta, vamos gilipollas, que os podéis forrar",multilingual_paradetox_es,analysis,,"pero que lo haga el gobierno y saqué pasta, vamos gilipollas, que os podéis forrar"
"Buah yo no me haría nunca un twitter, eso está lleno de rojos de mierda.",multilingual_paradetox_es,analysis,,"buah yo no me haría nunca un twitter, eso está lleno de rojos de mierda."
Esperando reacciones de los perroflautas de #podemos,multilingual_paradetox_es,analysis,,esperando reacciones de los perroflautas de #podemos
Paco llegado este punto nos da igual con tal de olvidarnos del PP y su estado fascista,multilingual_paradetox_es,analysis,,paco llegado este punto nos da igual con tal de olvidarnos del pp y su estado fascista
"Marhuenda, ese gilipollas que dice que es catalán solo cuando pretende dañar a todos los catalanes, llama...",multilingual_paradetox_es,analysis,,"marhuenda, ese gilipollas que dice que es catalán solo cuando pretende dañar a todos los catalanes, llama..."
"ESTA NOCHE, MANDA MI POLLA (un primo suyo)",multilingual_paradetox_es,analysis,,"esta noche, manda mi polla (un primo suyo)"
"Lo veo bien, deja cada uno varias pensiones pagadas y se va a su pais.",multilingual_paradetox_es,analysis,,"lo veo bien, deja cada uno varias pensiones pagadas y se va a su pais."
"E si non eres un periodista decente deberías cambiar de profesión, subnormal.",multilingual_paradetox_es,analysis,,"e si non eres un periodista decente deberías cambiar de profesión, subnormal."
"Estás enfermo y no quieres ver.

Cada uno que arregle los problemas de su casa, aquí ya tenemos bastantes.",multilingual_paradetox_es,analysis,,"estás enfermo y no quieres ver. cada uno que arregle los problemas de su casa, aquí ya tenemos bastantes."
lo personal es político pero no por ello tienes ke ir a una manifa ke convocan sindicatos de mierda,multilingual_paradetox_es,analysis,,lo personal es político pero no por ello tienes ke ir a una manifa ke convocan sindicatos de mierda
"Vaya, nunca pensé oir decir eso a una mujer",multilingual_paradetox_es,analysis,,"vaya, nunca pensé oir decir eso a una mujer"
Excepto si te lo envenenan con mierdas,multilingual_paradetox_es,analysis,,excepto si te lo envenenan con mierdas
Este país se va a la mierda,multilingual_paradetox_es,analysis,,este país se va a la mierda
"Los halagos y buenos modales siempre hacen bien, menos a los izquierdistas de la cultura del odio.",multilingual_paradetox_es,analysis,,"los halagos y buenos modales siempre hacen bien, menos a los izquierdistas de la cultura del odio."
Te das cuenta la panda de retrasados que se han puesto a soltar espumarajos?,multilingual_paradetox_es,analysis,,te das cuenta la panda de retrasados que se han puesto a soltar espumarajos?
La única solución es irse de este país de mierda.,multilingual_paradetox_es,analysis,,la única solución es irse de este país de mierda.
Sigue existiendo mucha basura en España que limpiar y no solo en lo politico.,multilingual_paradetox_es,analysis,,sigue existiendo mucha basura en españa que limpiar y no solo en lo politico.
Los centros de menores no tutelados son escuelas de delincuentes. ,multilingual_paradetox_es,analysis,,los centros de menores no tutelados son escuelas de delincuentes.
Esto para un pedazo de retrasado como tu:,multilingual_paradetox_es,analysis,,esto para un pedazo de retrasado como tu:
"fijate, todo tiene su lado bueno, hasta el puto coronabicho",multilingual_paradetox_es,analysis,,"fijate, todo tiene su lado bueno, hasta el puto coronabicho"
: #ModeloPodemos Ser comunistas y joder España  #LaHoraAzulPP278,multilingual_paradetox_es,analysis,,: #modelopodemos ser comunistas y joder españa #lahoraazulpp278
el Partido Socialista de Andalucía son una banda de delincuentes y chorizos,multilingual_paradetox_es,analysis,,el partido socialista de andalucía son una banda de delincuentes y chorizos
Los mejores los más preparados para cortar cabezas,multilingual_paradetox_es,analysis,,los mejores los más preparados para cortar cabezas
Y además te apellidas Castillo. Hay que ser un charnego retrasado encima..,multilingual_paradetox_es,analysis,,y además te apellidas castillo. hay que ser un charnego retrasado encima..
"Son los mejores. Paguita, alquiler y seguridad social ya. Rasistas",multilingual_paradetox_es,analysis,,"son los mejores. paguita, alquiler y seguridad social ya. rasistas"
La mitad catalana borrega independentista sigue creyéndose sus mentiras.,multilingual_paradetox_es,analysis,,la mitad catalana borrega independentista sigue creyéndose sus mentiras.
pues mucho  no entiendo pq llamarlo asi cuando la palabra no es ofensiva  putos progres,multilingual_paradetox_es,analysis,,pues mucho no entiendo pq llamarlo asi cuando la palabra no es ofensiva putos progres
Este es el maricón de Aida?,multilingual_paradetox_es,analysis,,este es el maricón de aida?
gummy cuando te pones subnormal eres un tocacojones,multilingual_paradetox_es,analysis,,gummy cuando te pones subnormal eres un tocacojones
y snk ultima temp pronto   pd rachel puta zorra la traicion no se perdona,multilingual_paradetox_es,analysis,,y snk ultima temp pronto pd rachel puta zorra la traicion no se perdona
"Lo que Cuba hace, como siempre, es propaganda mentirosa para que descerebrados como Nuñez repitan como loros.",multilingual_paradetox_es,analysis,,"lo que cuba hace, como siempre, es propaganda mentirosa para que descerebrados como nuñez repitan como loros."
Este wifi boliguayo de mierda,multilingual_paradetox_es,analysis,,este wifi boliguayo de mierda
"los Salesianos de San Francisco de Sales, Los Marianistas y los fascistas vecinos del San Cirano nos ablandaron en exceso.",multilingual_paradetox_es,analysis,,"los salesianos de san francisco de sales, los marianistas y los fascistas vecinos del san cirano nos ablandaron en exceso."
"Habla español, catalán de mierda 😋",multilingual_paradetox_es,analysis,,"habla español, catalán de mierda 😋"
Por mucho que intentes ser del Madrid nunca dejaras de ser un sudaca xd,multilingual_paradetox_es,analysis,,por mucho que intentes ser del madrid nunca dejaras de ser un sudaca xd
"Estaba tan bien durmiendo hasta q vino roco a despertarme, enano de mierda😒",multilingual_paradetox_es,analysis,,"estaba tan bien durmiendo hasta q vino roco a despertarme, enano de mierda😒"
No creo que haya en el mundo alguien que me dé más asco y sea más subnormal que Dani Rovira.,multilingual_paradetox_es,analysis,,no creo que haya en el mundo alguien que me dé más asco y sea más subnormal que dani rovira.
"Este cabron está peor que los 1,200 que están por llegar",multilingual_paradetox_es,analysis,,"este cabron está peor que los 1,200 que están por llegar"
Esos comunistas nazis judeo musulmanes creyéndose los reyes de la física,multilingual_paradetox_es,analysis,,esos comunistas nazis judeo musulmanes creyéndose los reyes de la física
Tu también Matt Reeves y tus putas ideas pendejas,multilingual_paradetox_es,analysis,,tu también matt reeves y tus putas ideas pendejas
"Que traigan otro cargamento, necesitamos más pagapensiones son una inversión de futuro.",multilingual_paradetox_es,analysis,,"que traigan otro cargamento, necesitamos más pagapensiones son una inversión de futuro."
para vos y todos los trolos panelistas putos de Fox,multilingual_paradetox_es,analysis,,para vos y todos los trolos panelistas putos de fox
Yo soy así puto moro,multilingual_paradetox_es,analysis,,yo soy así puto moro
"Charnego mañana salgo para ir a trabajar,  cosa que tu no sabes lo que es...",multilingual_paradetox_es,analysis,,"charnego mañana salgo para ir a trabajar, cosa que tu no sabes lo que es..."
"Y a mí qué me importa lo que tú ""notes"", facha?",multilingual_paradetox_es,analysis,,"y a mí qué me importa lo que tú ""notes"", facha?"
"unos vecinos del primero son más rojos y perroflautas que la hostia, les he dejado 6 entradas en el buzón",multilingual_paradetox_es,analysis,,"unos vecinos del primero son más rojos y perroflautas que la hostia, les he dejado 6 entradas en el buzón"
Pues puede trabajar de carnicero para pagar pensiones,multilingual_paradetox_es,analysis,,pues puede trabajar de carnicero para pagar pensiones
"Un cargador escaso de argumentario, parece.",multilingual_paradetox_es,analysis,,"un cargador escaso de argumentario, parece."
A Emery se la devuelven por subnormal. PLANTEA A LA PROXIMA UN BUEN PARTIDO,multilingual_paradetox_es,analysis,,a emery se la devuelven por subnormal. plantea a la proxima un buen partido
O sea que ahora la mafia tiene viajes de ida y vuelta,multilingual_paradetox_es,analysis,,o sea que ahora la mafia tiene viajes de ida y vuelta
"A su vez que no es lo mismo ser cristiano que catolico , pero tu eres CATETA.",multilingual_paradetox_es,analysis,,"a su vez que no es lo mismo ser cristiano que catolico , pero tu eres cateta."
"el término correcto es ""seres humanos de color crema""",multilingual_paradetox_es,analysis,,"el término correcto es ""seres humanos de color crema"""
"Olé sus huevos morenos (los del periodista). Si hablas de expulsar del pais a alguien, porque omites la nacionalidad.",multilingual_paradetox_es,analysis,,"olé sus huevos morenos (los del periodista). si hablas de expulsar del pais a alguien, porque omites la nacionalidad."
"#CeseDefinitivoCPCCS estos miserables su salida del CPCCS va hacer mas rápido q su puta nombramiento,",multilingual_paradetox_es,analysis,,"#cesedefinitivocpccs estos miserables su salida del cpccs va hacer mas rápido q su puta nombramiento,"
Ahora un nazi en RTVE #lahoraespinosadelosmonteros,multilingual_paradetox_es,analysis,,ahora un nazi en rtve #lahoraespinosadelosmonteros
"muy ateos que sois pero bien que os gustaría ser dios, eh? malditos hipocritas",multilingual_paradetox_es,analysis,,"muy ateos que sois pero bien que os gustaría ser dios, eh? malditos hipocritas"
"Hostia, como la quimioterapia, nos hace daño, pero si aguantamos lo suficiente, podemos vencer al cáncer.",multilingual_paradetox_es,analysis,,"hostia, como la quimioterapia, nos hace daño, pero si aguantamos lo suficiente, podemos vencer al cáncer."
ESPAÑA CORRUPPCIÓN Derecha PP fascista franquista gobernando con 30% en España no entiende porqué Cataluña quiere Independencia y República.,multilingual_paradetox_es,analysis,,españa corruppción derecha pp fascista franquista gobernando con 30% en españa no entiende porqué cataluña quiere independencia y república.
"Pues a mi me recuerda tus diversas lesiones graves y me descojono, subnormal. Acabado.",multilingual_paradetox_es,analysis,,"pues a mi me recuerda tus diversas lesiones graves y me descojono, subnormal. acabado."
"Mientras tanto, la gente matandose a currar como cabrones para vivir en una puta colmena",multilingual_paradetox_es,analysis,,"mientras tanto, la gente matandose a currar como cabrones para vivir en una puta colmena"
porque no tenéis a un subnormal por entrenador.,multilingual_paradetox_es,analysis,,porque no tenéis a un subnormal por entrenador.
"Quién te querría besar a ti, mongolo.",multilingual_paradetox_es,analysis,,"quién te querría besar a ti, mongolo."
"que asco de gente dios, que busquen el significado de hembrismo y de feminismo y luego hablan",multilingual_paradetox_es,analysis,,"que asco de gente dios, que busquen el significado de hembrismo y de feminismo y luego hablan"
"Los políticos lo toleran todo lo que no va contra ellos, baste fijarse en Iglesias, con su casoplón.",multilingual_paradetox_es,analysis,,"los políticos lo toleran todo lo que no va contra ellos, baste fijarse en iglesias, con su casoplón."
Aquí va una canción para todos y cada uno de los putos fascistas del PP… Fuck You de Lily Allen,multilingual_paradetox_es,analysis,,aquí va una canción para todos y cada uno de los putos fascistas del pp… fuck you de lily allen
"Está viniendo lo mejor de cada casa para mejorar el país, sin duda alguna.",multilingual_paradetox_es,analysis,,"está viniendo lo mejor de cada casa para mejorar el país, sin duda alguna."
Que cabron el que publicó la foto de los finalistas de master chef😡😂😂,multilingual_paradetox_es,analysis,,que cabron el que publicó la foto de los finalistas de master chef😡😂😂
qué bonito es ver a fachas rabiar dios me ahogo,multilingual_paradetox_es,analysis,,qué bonito es ver a fachas rabiar dios me ahogo
Cuánto facha de mierda en una mención voy a vomitar,multilingual_paradetox_es,analysis,,cuánto facha de mierda en una mención voy a vomitar
Pero sois periodistas o idiotas? Aún estando en catalán pone Franquismo!,multilingual_paradetox_es,analysis,,pero sois periodistas o idiotas? aún estando en catalán pone franquismo!
hay que ser hp para robar un zumo en alta mar.,multilingual_paradetox_es,analysis,,hay que ser hp para robar un zumo en alta mar.
La última mamarrachada de EA es tremenda.,multilingual_paradetox_es,analysis,,la última mamarrachada de ea es tremenda.
"Es su cultura y hay que respetarla. Un abrazo desde Ronda, Málaga.",multilingual_paradetox_es,analysis,,"es su cultura y hay que respetarla. un abrazo desde ronda, málaga."
¿Van a seguir con el mismo tema de los comediantes mediocres?,multilingual_paradetox_es,analysis,,¿van a seguir con el mismo tema de los comediantes mediocres?
no te sale bien el catalán prueba en francés... chupala hijo puta 😂😂😂,multilingual_paradetox_es,analysis,,no te sale bien el catalán prueba en francés... chupala hijo puta 😂😂😂
Antes me como un whopper que decir algo bueno del subnormal ese,multilingual_paradetox_es,analysis,,antes me como un whopper que decir algo bueno del subnormal ese
Daros prisa. La memoria histórica de Carmena cambiará el nombre por el de cualquier payaso podemita,multilingual_paradetox_es,analysis,,daros prisa. la memoria histórica de carmena cambiará el nombre por el de cualquier payaso podemita
"Ya venís en manada a quejaros, anda a tomarte una mArandina.   ",multilingual_paradetox_es,analysis,,"ya venís en manada a quejaros, anda a tomarte una marandina."
son sus costumbres y hay que respetarlas..,multilingual_paradetox_es,analysis,,son sus costumbres y hay que respetarlas..
"Mamona, tengan la mierda que tengan ellos, lo nuestro sigue siendo igual de lamentable",multilingual_paradetox_es,analysis,,"mamona, tengan la mierda que tengan ellos, lo nuestro sigue siendo igual de lamentable"
"Han quedado los últimos   ""Gran mayoría""  Además de facha, tonto.",multilingual_paradetox_es,analysis,,"han quedado los últimos ""gran mayoría"" además de facha, tonto."
El dia que morais todos los fachas podre palmarla tranquilo ...,multilingual_paradetox_es,analysis,,el dia que morais todos los fachas podre palmarla tranquilo ...
No he leído a una sola mujer quejarse de twitt solo a los de siempre....los machirulos fachas ...que asquito,multilingual_paradetox_es,analysis,,no he leído a una sola mujer quejarse de twitt solo a los de siempre....los machirulos fachas ...que asquito
"Aquí Piatti que no metía un puto gol y en el Español, lleva ya unos cuantos, mamón. ☹️",multilingual_paradetox_es,analysis,,"aquí piatti que no metía un puto gol y en el español, lleva ya unos cuantos, mamón. ☹️"
"Ahora pides asilo político HDP, ahora las escorias oficialistas pidiendo asilo que tal.",multilingual_paradetox_es,analysis,,"ahora pides asilo político hdp, ahora las escorias oficialistas pidiendo asilo que tal."
"Encima cacho parguela te pones de gilipollas con ella, subnormal",multilingual_paradetox_es,analysis,,"encima cacho parguela te pones de gilipollas con ella, subnormal"
"Que alguien se lo impida, que todavía les quedan pensiones por pagar.",multilingual_paradetox_es,analysis,,"que alguien se lo impida, que todavía les quedan pensiones por pagar."
y el drama con el guiri de mierda de seamus en eurovision super living,multilingual_paradetox_es,analysis,,y el drama con el guiri de mierda de seamus en eurovision super living
"Cada vez, la situación del país está en la mierda la de mierdísima #FreddyGuevaraTeCAGASTE",multilingual_paradetox_es,analysis,,"cada vez, la situación del país está en la mierda la de mierdísima #freddyguevaratecagaste"
Ghostt subnormal se nota a la legua que eres tú el ... — Mira como llora el puto bizco,multilingual_paradetox_es,analysis,,ghostt subnormal se nota a la legua que eres tú el ... — mira como llora el puto bizco
tu respuesta dice que no crees que el catalán tendría que ser de obligatorio entendimiento. Eres un puto…,multilingual_paradetox_es,analysis,,tu respuesta dice que no crees que el catalán tendría que ser de obligatorio entendimiento. eres un puto…
"Lo trataré con el trato maricon, penca, discriminatorio como trató a varios de mis compañeros 😒 VIEJO CULIAO.",multilingual_paradetox_es,analysis,,"lo trataré con el trato maricon, penca, discriminatorio como trató a varios de mis compañeros 😒 viejo culiao."
no podia esperar a llegar a tierra para ponerse manos a la. obra,multilingual_paradetox_es,analysis,,no podia esperar a llegar a tierra para ponerse manos a la. obra
"En ESPAÑA tenemos un Gobierno PSOE-UP, asi que simplemente estamos DISFRUTANDO LO VOTADO.",multilingual_paradetox_es,analysis,,"en españa tenemos un gobierno psoe-up, asi que simplemente estamos disfrutando lo votado."
Hay gente dándose cuenta de que Hamilton es imbécil en pleno 2020.,multilingual_paradetox_es,analysis,,hay gente dándose cuenta de que hamilton es imbécil en pleno 2020.
"Veo el tweet y digo ""mira un subnormal"" pero veo los reply y no, son unos cuantos más.",multilingual_paradetox_es,analysis,,"veo el tweet y digo ""mira un subnormal"" pero veo los reply y no, son unos cuantos más."
No los vio el open arms,multilingual_paradetox_es,analysis,,no los vio el open arms
"Me gustaría saber lo que tú harías, si te llegará a pasar a ti. Eres el típico charlatán de feria.",multilingual_paradetox_es,analysis,,"me gustaría saber lo que tú harías, si te llegará a pasar a ti. eres el típico charlatán de feria."
Porque usted es un hombre de bien y con valores. Esos otros son alimañas y 0,multilingual_paradetox_es,analysis,,porque usted es un hombre de bien y con valores. esos otros son alimañas y 0
Un Catalan a clasificado al Barça  Cabroooooonnn,multilingual_paradetox_es,analysis,,un catalan a clasificado al barça cabroooooonnn
"Jajajajaja turco, subnormal, cuñado e español madremía.... PLENOOOO",multilingual_paradetox_es,analysis,,"jajajajaja turco, subnormal, cuñado e español madremía.... plenoooo"
"Lo mejor, es que ya lo tenemos aquí y tenemos que mantenerlo en la cárcel, gracias",multilingual_paradetox_es,analysis,,"lo mejor, es que ya lo tenemos aquí y tenemos que mantenerlo en la cárcel, gracias"
"- Porque se que es la única forma que me visiten todos los fines de semana, borrachos malparidos",multilingual_paradetox_es,analysis,,"- porque se que es la única forma que me visiten todos los fines de semana, borrachos malparidos"
Daniel has muerto o algo no te veo twittear como un subnormal,multilingual_paradetox_es,analysis,,daniel has muerto o algo no te veo twittear como un subnormal
"Pinche gobierno de mierda, no ayudan pero como estorban HDSPM.",multilingual_paradetox_es,analysis,,"pinche gobierno de mierda, no ayudan pero como estorban hdspm."
"Los gallegos viejos, en gran parte, son basura franquista.  Entre los jóvenes ya hay mucha más dignidad.",multilingual_paradetox_es,analysis,,"los gallegos viejos, en gran parte, son basura franquista. entre los jóvenes ya hay mucha más dignidad."
Muchas veces en sus carceles sobornan a gente y viven como reyes.,multilingual_paradetox_es,analysis,,muchas veces en sus carceles sobornan a gente y viven como reyes.
Cómo estará el país para que ni los moros quieran estar,multilingual_paradetox_es,analysis,,cómo estará el país para que ni los moros quieran estar
"Ah, porque se va y viene la hija puta. Están haciendo el subnormal apagando y encendiendo",multilingual_paradetox_es,analysis,,"ah, porque se va y viene la hija puta. están haciendo el subnormal apagando y encendiendo"
"Son los mismos miserables de siempre, porque sera que siempre votan negativo a este tipo de noticias.......",multilingual_paradetox_es,analysis,,"son los mismos miserables de siempre, porque sera que siempre votan negativo a este tipo de noticias......."
"Una paguita para ese hombre, que se ve con ganas de integrarse y aceptar nuestras reglas/costumbres.",multilingual_paradetox_es,analysis,,"una paguita para ese hombre, que se ve con ganas de integrarse y aceptar nuestras reglas/costumbres."
"Eso no lo sabemos, puede que vinieran de pequeños. Si es asi, expulsión.",multilingual_paradetox_es,analysis,,"eso no lo sabemos, puede que vinieran de pequeños. si es asi, expulsión."
#YoSoyAnonymousUE basta de absurda represión victimista por parte del Estado Fascista,multilingual_paradetox_es,analysis,,#yosoyanonymousue basta de absurda represión victimista por parte del estado fascista
Ahora tampoco respetaréis la democracia fascistas de mierda???,multilingual_paradetox_es,analysis,,ahora tampoco respetaréis la democracia fascistas de mierda???
Y los otros haciéndose los traumados cuando no dudarían en hacer eso mismo,multilingual_paradetox_es,analysis,,y los otros haciéndose los traumados cuando no dudarían en hacer eso mismo
"El homófobo #obispo de #Cordoba recomienda rezar más en vacaciones [y follar menos, claro].  vía",multilingual_paradetox_es,analysis,,"el homófobo #obispo de #cordoba recomienda rezar más en vacaciones [y follar menos, claro]. vía"
Supongo que Perro le dará asilo en la Moncloa ,multilingual_paradetox_es,analysis,,supongo que perro le dará asilo en la moncloa
"al guadalquivir primooo! Sigue insultando por internet, que eres un gitano falso.",multilingual_paradetox_es,analysis,,"al guadalquivir primooo! sigue insultando por internet, que eres un gitano falso."
Pero que mierda estas hablando subnormal de los cojones MAMAAAAAAAA GORDOOOOOOOO.,multilingual_paradetox_es,analysis,,pero que mierda estas hablando subnormal de los cojones mamaaaaaaaa gordoooooooo.
"En España los invasores tienen más derechos que los españoles, pura mierda trae Ebrard y López.",multilingual_paradetox_es,analysis,,"en españa los invasores tienen más derechos que los españoles, pura mierda trae ebrard y lópez."
"La historia reconocerá que fue el más pelele , inepto e hijo de puta presidente de la historia .",multilingual_paradetox_es,analysis,,"la historia reconocerá que fue el más pelele , inepto e hijo de puta presidente de la historia ."
"lástima que sea un fascista, un machista, un subnormal y odie Catalunya",multilingual_paradetox_es,analysis,,"lástima que sea un fascista, un machista, un subnormal y odie catalunya"
Tanto que hablan de Pinochet y los gringos y estos hijueputas son iguales o peores.,multilingual_paradetox_es,analysis,,tanto que hablan de pinochet y los gringos y estos hijueputas son iguales o peores.
Blocs y a otra cosa No le des publicidad al monguer,multilingual_paradetox_es,analysis,,blocs y a otra cosa no le des publicidad al monguer
Puto perroflautas que man rayao el mercedes,multilingual_paradetox_es,analysis,,puto perroflautas que man rayao el mercedes
Puta prensa deportiva saliendo en defensa de un puto ultraderechista,multilingual_paradetox_es,analysis,,puta prensa deportiva saliendo en defensa de un puto ultraderechista
Asumen tu género por tu apariencia física. Son unos fascistas transfobos y homófobos.,multilingual_paradetox_es,analysis,,asumen tu género por tu apariencia física. son unos fascistas transfobos y homófobos.
... — putos rojos de mierda macho,multilingual_paradetox_es,analysis,,... — putos rojos de mierda macho
"Qué bien. Hay que ver con los ingenieros, doctores y demás cracks que nos llegan...",multilingual_paradetox_es,analysis,,"qué bien. hay que ver con los ingenieros, doctores y demás cracks que nos llegan..."
"La democracia española y la interpretación libre de sus leyes en manos de fascistas. 6D, nada que celebrar.",multilingual_paradetox_es,analysis,,"la democracia española y la interpretación libre de sus leyes en manos de fascistas. 6d, nada que celebrar."
"Tu eres subnormal, no refinado, no confundas términos.",multilingual_paradetox_es,analysis,,"tu eres subnormal, no refinado, no confundas términos."
"Sí, para que lo suelten a la media hora. Alguien que hace eso sólo aprende de una manera.",multilingual_paradetox_es,analysis,,"sí, para que lo suelten a la media hora. alguien que hace eso sólo aprende de una manera."
"Lagarder ya era un puto subnormal, solo que hoy quiere que quede patente.",multilingual_paradetox_es,analysis,,"lagarder ya era un puto subnormal, solo que hoy quiere que quede patente."
La patada JAJAJAJAJA MUERE SUBNORMAL  😂😂😂😂,multilingual_paradetox_es,analysis,,la patada jajajajaja muere subnormal 😂😂😂😂
Venga silenciame ya verás tú cuánto me preocupo SUBNORMAL,multilingual_paradetox_es,analysis,,venga silenciame ya verás tú cuánto me preocupo subnormal
"Muy despreciados,siiii,pero todos vestidos de alta costura española o extranjera como la derechona burguesa verdad,…",multilingual_paradetox_es,analysis,,"muy despreciados,siiii,pero todos vestidos de alta costura española o extranjera como la derechona burguesa verdad,…"
Son sus costumbres y hay que respetarlas,multilingual_paradetox_es,analysis,,son sus costumbres y hay que respetarlas
"No busquéis más, ya tenemos al tonto del hilo.",multilingual_paradetox_es,analysis,,"no busquéis más, ya tenemos al tonto del hilo."
Con el Zumo no se juega.,multilingual_paradetox_es,analysis,,con el zumo no se juega.
No te acerques que me tiznas le dijo la sarten al cazo... 😂 Los más fascistas de la izquierda,multilingual_paradetox_es,analysis,,no te acerques que me tiznas le dijo la sarten al cazo... 😂 los más fascistas de la izquierda
"Pero pedazo de subnormal, prefieres a Charlotte antes que Lana.",multilingual_paradetox_es,analysis,,"pero pedazo de subnormal, prefieres a charlotte antes que lana."
"Te lo llama hasta tu cuñado. Pero no sufras, ¿quién no tiene un mongolo en la familia?",multilingual_paradetox_es,analysis,,"te lo llama hasta tu cuñado. pero no sufras, ¿quién no tiene un mongolo en la familia?"
"Pues un héroe el que se bebió el zumo, de no haberlo hecho este estaría vendiendo corbatas por los bares",multilingual_paradetox_es,analysis,,"pues un héroe el que se bebió el zumo, de no haberlo hecho este estaría vendiendo corbatas por los bares"
Me acojona ver a la derecha rancia pidiendo #BoicotALosGoya Más incultura seguirá formando fascistas como ellos... ➕Cine ➖Toros #Españistán,multilingual_paradetox_es,analysis,,me acojona ver a la derecha rancia pidiendo #boicotalosgoya más incultura seguirá formando fascistas como ellos... ➕cine ➖toros #españistán
🚨🚨 Los okupas causan graves disturbios en Santiago y el alcalde 'podemita' les respalda ➡️  ASQUEROSO,multilingual_paradetox_es,analysis,,🚨🚨 los okupas causan graves disturbios en santiago y el alcalde 'podemita' les respalda ➡️ asqueroso
te has equivocado de captura subnormal,multilingual_paradetox_es,analysis,,te has equivocado de captura subnormal
Pero el calentamiento global son COSAS DE HIPPIES Y PERROFLAUTAS,multilingual_paradetox_es,analysis,,pero el calentamiento global son cosas de hippies y perroflautas
Tú debes de ser un facha costalero del PPodrido.,multilingual_paradetox_es,analysis,,tú debes de ser un facha costalero del ppodrido.
La derechona sale a dar una vuelta por Barcelona.  vía,multilingual_paradetox_es,analysis,,la derechona sale a dar una vuelta por barcelona. vía
Que ganas de que metan al peluo en la carcel por subnormal😆😆😆,multilingual_paradetox_es,analysis,,que ganas de que metan al peluo en la carcel por subnormal😆😆😆
"Mejores Autopistas?, Ese mancito Gómez dónde vive?, Seguro es un sureñito Petrista 😕🤘",multilingual_paradetox_es,analysis,,"mejores autopistas?, ese mancito gómez dónde vive?, seguro es un sureñito petrista 😕🤘"
ya esta el subnormal de luis enrique jodiendome apuestas sin poner a suarez,multilingual_paradetox_es,analysis,,ya esta el subnormal de luis enrique jodiendome apuestas sin poner a suarez
"No a los politicos de mierda, nunca mas.",multilingual_paradetox_es,analysis,,"no a los politicos de mierda, nunca mas."
🚨🚨 Los okupas causan graves disturbios en Santiago y el alcalde 'podemita' les respalda ➡️  SON GENTUZA,multilingual_paradetox_es,analysis,,🚨🚨 los okupas causan graves disturbios en santiago y el alcalde 'podemita' les respalda ➡️ son gentuza
imagina y todo fue por entrar con una maleta en un museo. Putos nazis,multilingual_paradetox_es,analysis,,imagina y todo fue por entrar con una maleta en un museo. putos nazis
Expulsado #Guillermo Un mamarracho Herrera 💩,multilingual_paradetox_es,analysis,,expulsado #guillermo un mamarracho herrera 💩
"Llévenlos a prisión, y una vez paguen la condena enviarlos a su país por deportación.",multilingual_paradetox_es,analysis,,"llévenlos a prisión, y una vez paguen la condena enviarlos a su país por deportación."
Otro españolazo fascista coaccionando al pueblo catalán secesionista.,multilingual_paradetox_es,analysis,,otro españolazo fascista coaccionando al pueblo catalán secesionista.
¿Y este subnormal quién es?,multilingual_paradetox_es,analysis,,¿y este subnormal quién es?
En la puta casa del chaquetero de Aliaga los tendrían que poner,multilingual_paradetox_es,analysis,,en la puta casa del chaquetero de aliaga los tendrían que poner
Estas elecciones les van a venir de perlas a los fachas de VOX.,multilingual_paradetox_es,analysis,,estas elecciones les van a venir de perlas a los fachas de vox.
"Totalmente de acuerdo con la diputada, a esos cáfres asquerosos que no los vayan a dejar devolver a Bogotá.",multilingual_paradetox_es,analysis,,"totalmente de acuerdo con la diputada, a esos cáfres asquerosos que no los vayan a dejar devolver a bogotá."
Seguro que era de pera-piña. Es el único por el que yo mataría.,multilingual_paradetox_es,analysis,,seguro que era de pera-piña. es el único por el que yo mataría.
vete a un cajero mamon,multilingual_paradetox_es,analysis,,vete a un cajero mamon
"Le pega 16 tiros y le grita ""No te muevas"", menudo subnormal.",multilingual_paradetox_es,analysis,,"le pega 16 tiros y le grita ""no te muevas"", menudo subnormal."
Ya empecé con la depresión de mierda,multilingual_paradetox_es,analysis,,ya empecé con la depresión de mierda
cuidado con estos conspiradores de mierda,multilingual_paradetox_es,analysis,,cuidado con estos conspiradores de mierda
Qué mierda esa zozobra previa a los recortes de personal.,multilingual_paradetox_es,analysis,,qué mierda esa zozobra previa a los recortes de personal.
ya me han venido los 4 fachas de turno a tocarme los cojones,multilingual_paradetox_es,analysis,,ya me han venido los 4 fachas de turno a tocarme los cojones
Quién es este subnormal y por qué ha soltado semejante subnormalez?,multilingual_paradetox_es,analysis,,quién es este subnormal y por qué ha soltado semejante subnormalez?
Qué peste a culé esta pillando la afición madridista...,multilingual_paradetox_es,analysis,,qué peste a culé esta pillando la afición madridista...
"Pues si es así, que zorras que sois.",multilingual_paradetox_es,analysis,,"pues si es así, que zorras que sois."
Cuando alguien intenta manipular de manera tan burda lo que provoca es asco. Miratelo.,multilingual_paradetox_es,analysis,,cuando alguien intenta manipular de manera tan burda lo que provoca es asco. miratelo.
"No pasa nada, él es el mas preparado y el mas valiente que ya lo decia la abuela Carmena.",multilingual_paradetox_es,analysis,,"no pasa nada, él es el mas preparado y el mas valiente que ya lo decia la abuela carmena."
"Con Mokus y Fajardo, hay estos políticos de mierda",multilingual_paradetox_es,analysis,,"con mokus y fajardo, hay estos políticos de mierda"
"Mano, puto subnormal, dos veces te lo he tenio que repetir",multilingual_paradetox_es,analysis,,"mano, puto subnormal, dos veces te lo he tenio que repetir"
"Árbitro de mierda, Conmebol de mierda.",multilingual_paradetox_es,analysis,,"árbitro de mierda, conmebol de mierda."
Es asombroso el nivel de estupidez-robotización del adoctrinamiento progre.,multilingual_paradetox_es,analysis,,es asombroso el nivel de estupidez-robotización del adoctrinamiento progre.
"es que no lo eres, es decir, qué más da ser hetero, el problema está en ser retrasado xd",multilingual_paradetox_es,analysis,,"es que no lo eres, es decir, qué más da ser hetero, el problema está en ser retrasado xd"
Los mas valientes. Haz que pase!,multilingual_paradetox_es,analysis,,los mas valientes. haz que pase!
"El gobierno de mierda, debería dejar de hablar hueás contra toda evidencia.",multilingual_paradetox_es,analysis,,"el gobierno de mierda, debería dejar de hablar hueás contra toda evidencia."
"La jueza archiva la paliza de los trozos de mierda fascistas a Lagarder, porque la  no entregó la denuncia",multilingual_paradetox_es,analysis,,"la jueza archiva la paliza de los trozos de mierda fascistas a lagarder, porque la no entregó la denuncia"
"Y lo bien que les va siendo fachas, que no es gratis",multilingual_paradetox_es,analysis,,"y lo bien que les va siendo fachas, que no es gratis"
"Culpa de las mafias y lo progres follarefugees que hacen efecto llamada, nos quedamos sin 57 pensiones",multilingual_paradetox_es,analysis,,"culpa de las mafias y lo progres follarefugees que hacen efecto llamada, nos quedamos sin 57 pensiones"
-Una directiva fracasa deportivamente -Unos monguers los votan para que sigan mandando -Los monguers se sorprenden d q fracasen #estapasando,multilingual_paradetox_es,analysis,,-una directiva fracasa deportivamente -unos monguers los votan para que sigan mandando -los monguers se sorprenden d q fracasen #estapasando
"en una cárcel española cuestan dinero, en su puta casa en Marruecos no cuestan ni un duro.",multilingual_paradetox_es,analysis,,"en una cárcel española cuestan dinero, en su puta casa en marruecos no cuestan ni un duro."
"ufff eso es como construir puertas lógicas con legos; se puede, pero estás haciendo el imbécil.",multilingual_paradetox_es,analysis,,"ufff eso es como construir puertas lógicas con legos; se puede, pero estás haciendo el imbécil."
"No, lo que parece de ese siglo es su puta bazofia de programa.",multilingual_paradetox_es,analysis,,"no, lo que parece de ese siglo es su puta bazofia de programa."
Ni caso a los gilipollas como el  es un fascista de mierda,multilingual_paradetox_es,analysis,,ni caso a los gilipollas como el es un fascista de mierda
Pero que pedazo de retrasada,multilingual_paradetox_es,analysis,,pero que pedazo de retrasada
"Por cierto, donde anda metido el gusano comunista ese?",multilingual_paradetox_es,analysis,,"por cierto, donde anda metido el gusano comunista ese?"
@ promosquevienen no se vayan de viaje de egresados con upgrade xq son la peor verga que hay:)),multilingual_paradetox_es,analysis,,@ promosquevienen no se vayan de viaje de egresados con upgrade xq son la peor verga que hay:))
"Y como siempre los nacotes sin educación diciendo groserías, son los que están en contra de este gran gobierno respetable.",multilingual_paradetox_es,analysis,,"y como siempre los nacotes sin educación diciendo groserías, son los que están en contra de este gran gobierno respetable."
Jajaja..  Que simpatico el charnego.. Te vamos a votar a ti membrillo.,multilingual_paradetox_es,analysis,,jajaja.. que simpatico el charnego.. te vamos a votar a ti membrillo.
Está claro que el lobby proxeneta está bien organizado 👿👿,multilingual_paradetox_es,analysis,,está claro que el lobby proxeneta está bien organizado 👿👿
Conclusión: Er Benni era un cabrón facha que ayudó a Trum,multilingual_paradetox_es,analysis,,conclusión: er benni era un cabrón facha que ayudó a trum
jaja ok andate con la zorra esa chau olvidate de mi :),multilingual_paradetox_es,analysis,,jaja ok andate con la zorra esa chau olvidate de mi :)
PAMBISITOS dejen de responder a subnormales de mierda como éste.,multilingual_paradetox_es,analysis,,pambisitos dejen de responder a subnormales de mierda como éste.
"Tiene que ser fake, no me jodas. Jamás volverían a sus países.",multilingual_paradetox_es,analysis,,"tiene que ser fake, no me jodas. jamás volverían a sus países."
a ti no catalán cabron jajaja! Esta champions es vuestra y del bayer xd,multilingual_paradetox_es,analysis,,a ti no catalán cabron jajaja! esta champions es vuestra y del bayer xd
"Que algunos saquéis la bilis contra mi 😍😍 jajajajaja , monguers y gordos ...",multilingual_paradetox_es,analysis,,"que algunos saquéis la bilis contra mi 😍😍 jajajajaja , monguers y gordos ..."
Le han dado por lo que habrá robado antes y por lo que robará cuando salga del hospital.,multilingual_paradetox_es,analysis,,le han dado por lo que habrá robado antes y por lo que robará cuando salga del hospital.
Ve na cuando habla Mazzoleni que puta,multilingual_paradetox_es,analysis,,ve na cuando habla mazzoleni que puta
"Yo me quiero escapar también, dan paguita al llegar?",multilingual_paradetox_es,analysis,,"yo me quiero escapar también, dan paguita al llegar?"
"Pues súbete tu a repararlo, maricón",multilingual_paradetox_es,analysis,,"pues súbete tu a repararlo, maricón"
Habla en español catalán de mierda.,multilingual_paradetox_es,analysis,,habla en español catalán de mierda.
Y ahora me veo y parezco un Trump supporter. Putos nazis.,multilingual_paradetox_es,analysis,,y ahora me veo y parezco un trump supporter. putos nazis.
"Origen patológico , delincuencial , usurpante , ilegal resultado delicuncial usurpante y patológico",multilingual_paradetox_es,analysis,,"origen patológico , delincuencial , usurpante , ilegal resultado delicuncial usurpante y patológico"
"Soy bioquímico y estoy trabajando para el Gobierno de Navarra... ánimo, puto subnormal.",multilingual_paradetox_es,analysis,,"soy bioquímico y estoy trabajando para el gobierno de navarra... ánimo, puto subnormal."
"Menudos gilipollas. Como no, tenían que ser los guardaespaldas de la nazi de Le Pen...",multilingual_paradetox_es,analysis,,"menudos gilipollas. como no, tenían que ser los guardaespaldas de la nazi de le pen..."
#VivaElCineEspañol porque me gusta y por patriotismo. A ver si os enteráis pedazo de fachas.,multilingual_paradetox_es,analysis,,#vivaelcineespañol porque me gusta y por patriotismo. a ver si os enteráis pedazo de fachas.
Hacete cargo forro de mierda,multilingual_paradetox_es,analysis,,hacete cargo forro de mierda
"Estos críos.... Qué pillastres..... Son unos terremotos los angelitos... Qué energía la de estos chicos... El futuro, son el futuro..... ",multilingual_paradetox_es,analysis,,"estos críos.... qué pillastres..... son unos terremotos los angelitos... qué energía la de estos chicos... el futuro, son el futuro....."
Esa fascista JAMAS sera presi de !😂😂😂,multilingual_paradetox_es,analysis,,esa fascista jamas sera presi de !😂😂😂
"Costumbres tercermundistas que disfrutamos ya en Europa gracias a nuestros políticos progres, disfruten lo votado.",multilingual_paradetox_es,analysis,,"costumbres tercermundistas que disfrutamos ya en europa gracias a nuestros políticos progres, disfruten lo votado."
Lo hipócritas que son algunos con el tema de ladder no tiene tamaño AJAJAJ Vaya hipócritas de mierda ;),multilingual_paradetox_es,analysis,,lo hipócritas que son algunos con el tema de ladder no tiene tamaño ajajaj vaya hipócritas de mierda ;)
"Acojonante lo de la progresía, pagamos una barbaridad por alojar escoria mejor con unos servicios que ya quisieran nuestros mayores",multilingual_paradetox_es,analysis,,"acojonante lo de la progresía, pagamos una barbaridad por alojar escoria mejor con unos servicios que ya quisieran nuestros mayores"
"He puesto ""culo"" maemia, además de pequeño, mongolo. 😭",multilingual_paradetox_es,analysis,,"he puesto ""culo"" maemia, además de pequeño, mongolo. 😭"
Me cuesta creer que haya alguien igual de subnormal que Dalas.,multilingual_paradetox_es,analysis,,me cuesta creer que haya alguien igual de subnormal que dalas.
Como para no votar a Vox. Hijos de puta 300.000 con la que se nos vien encima.,multilingual_paradetox_es,analysis,,como para no votar a vox. hijos de puta 300.000 con la que se nos vien encima.
"Pues si, es una puta mierda, DEP por ellos.",multilingual_paradetox_es,analysis,,"pues si, es una puta mierda, dep por ellos."
"pero este tio es un puto subnormal, o que le pasa?",multilingual_paradetox_es,analysis,,"pero este tio es un puto subnormal, o que le pasa?"
Hoy prefieren el arbitraje manual. La mano negra del puto alemán ladrón.,multilingual_paradetox_es,analysis,,hoy prefieren el arbitraje manual. la mano negra del puto alemán ladrón.
"este chico es subnormal, confirmed",multilingual_paradetox_es,analysis,,"este chico es subnormal, confirmed"
Es lo más seguro que pase eso didac puto catalán,multilingual_paradetox_es,analysis,,es lo más seguro que pase eso didac puto catalán
Aprende el significado de mayoría parlamentaria subnormal,multilingual_paradetox_es,analysis,,aprende el significado de mayoría parlamentaria subnormal
"Con periodistas de mierda, con empleados de mierda.",multilingual_paradetox_es,analysis,,"con periodistas de mierda, con empleados de mierda."
Me rio de ti jajajajajajjaja fascista a la cueva,multilingual_paradetox_es,analysis,,me rio de ti jajajajajajjaja fascista a la cueva
"Llegó la racista maleducada, odias mi castellano al igual que a España y los españoles, supremacista arruinada y avergonzada",multilingual_paradetox_es,analysis,,"llegó la racista maleducada, odias mi castellano al igual que a españa y los españoles, supremacista arruinada y avergonzada"
Por 'Crush' os referís a putas chonis?,multilingual_paradetox_es,analysis,,por 'crush' os referís a putas chonis?
"Que bronca cuando estás jugando al FIFA y ponen pausa para responder los msj, que trolo man",multilingual_paradetox_es,analysis,,"que bronca cuando estás jugando al fifa y ponen pausa para responder los msj, que trolo man"
Pobre tarado que no sabes lo que dices .... pobre tarado,multilingual_paradetox_es,analysis,,pobre tarado que no sabes lo que dices .... pobre tarado
Eres tarado o que pasa  #hackmeseb,multilingual_paradetox_es,analysis,,eres tarado o que pasa #hackmeseb
Que manera de perder la cabeza por un zumo.,multilingual_paradetox_es,analysis,,que manera de perder la cabeza por un zumo.
es a cuartos de final subnormal,multilingual_paradetox_es,analysis,,es a cuartos de final subnormal
"Hombre... a mi me tocan mi zumito y también arranco cabezas, hay cosas que hay que respetar.",multilingual_paradetox_es,analysis,,"hombre... a mi me tocan mi zumito y también arranco cabezas, hay cosas que hay que respetar."
y encima esqe eres mu puta,multilingual_paradetox_es,analysis,,y encima esqe eres mu puta
da cobertura a terroristas de #Venezuela La deriva fascista del  y sus medios es muy preocupante. #ConElFranquismoHemosTopado,multilingual_paradetox_es,analysis,,da cobertura a terroristas de #venezuela la deriva fascista del y sus medios es muy preocupante. #conelfranquismohemostopado
Ese buen hombre por lo menos pagará 7 u 8 pensiones. Es el más valiente sin duda.,multilingual_paradetox_es,analysis,,ese buen hombre por lo menos pagará 7 u 8 pensiones. es el más valiente sin duda.
Y deportar a la escoria es parte de las leyes. Si para ti eso es justicia medieval haztelo mirar.,multilingual_paradetox_es,analysis,,y deportar a la escoria es parte de las leyes. si para ti eso es justicia medieval haztelo mirar.
Lo que está claro es que tú sigues siendo un operador político totalmente parcializado. Asco,multilingual_paradetox_es,analysis,,lo que está claro es que tú sigues siendo un operador político totalmente parcializado. asco
Menudo baño te están dando pequeño dictador! 👏👏👏👏👏👏👏,multilingual_paradetox_es,analysis,,menudo baño te están dando pequeño dictador! 👏👏👏👏👏👏👏
La esposa no solo hacia lofts sin licencia sino que ni siquiera tenía la carrera de arquitectura. Detalles sin importancia.,multilingual_paradetox_es,analysis,,la esposa no solo hacia lofts sin licencia sino que ni siquiera tenía la carrera de arquitectura. detalles sin importancia.
deja de tirarte abajo hija d re mil puta,multilingual_paradetox_es,analysis,,deja de tirarte abajo hija d re mil puta
Supongo que el subnormal de  estará llorando porque Benzemierda no ha sido titular y Cristiano ha marcado.,multilingual_paradetox_es,analysis,,supongo que el subnormal de estará llorando porque benzemierda no ha sido titular y cristiano ha marcado.
"Te gustan los niños,fascista de mierda?",multilingual_paradetox_es,analysis,,"te gustan los niños,fascista de mierda?"
Gran puta estos chinos de mierda vinieron a arruinar mi año 😭,multilingual_paradetox_es,analysis,,gran puta estos chinos de mierda vinieron a arruinar mi año 😭
No han dicho ya que vienen los mejores y los mas preparados?,multilingual_paradetox_es,analysis,,no han dicho ya que vienen los mejores y los mas preparados?
"Si, esa es la que os gusta a los fachas. Menos mal que sois cuatro gatos.",multilingual_paradetox_es,analysis,,"si, esa es la que os gusta a los fachas. menos mal que sois cuatro gatos."
"Los de ahora son un infierno político y social, ocasionados por políticos fanáticos",multilingual_paradetox_es,analysis,,"los de ahora son un infierno político y social, ocasionados por políticos fanáticos"
Los mejores y los más valientes.,multilingual_paradetox_es,analysis,,los mejores y los más valientes.
Yo voy a hacer #BoikotalosGoyas viendo la gala 😂😂 Que país de fachas!!!,multilingual_paradetox_es,analysis,,yo voy a hacer #boikotalosgoyas viendo la gala 😂😂 que país de fachas!!!
"El chepas acaba de solucionar el problema de la inmigración, ahora vendrán los de Vox a tocar los huevos...",multilingual_paradetox_es,analysis,,"el chepas acaba de solucionar el problema de la inmigración, ahora vendrán los de vox a tocar los huevos..."
Como les gusta el afeitado en seco a esta gente.,multilingual_paradetox_es,analysis,,como les gusta el afeitado en seco a esta gente.
"No pasa nada, al bajar dice que tiene 14 años y a vivir la vida midugis juejuejejejeuejjejj",multilingual_paradetox_es,analysis,,"no pasa nada, al bajar dice que tiene 14 años y a vivir la vida midugis juejuejejejeuejjejj"
"ya sabes q la Mal_llamada ""PERRA"" (=FIEL)  de la TOP FURCIA de Eugenia SILVA estuvo jugando al APOCALIPSIS..con l ex_marido..",multilingual_paradetox_es,analysis,,"ya sabes q la mal_llamada ""perra"" (=fiel) de la top furcia de eugenia silva estuvo jugando al apocalipsis..con l ex_marido.."
"a ver eso se elige, no es natural... Vas a arder en el infierno por sodomita.",multilingual_paradetox_es,analysis,,"a ver eso se elige, no es natural... vas a arder en el infierno por sodomita."
"subnormal que no sabes de fútbol ni de nada, eres un periodista de pacotilla.... 😋",multilingual_paradetox_es,analysis,,"subnormal que no sabes de fútbol ni de nada, eres un periodista de pacotilla.... 😋"
La justificación pedorra JAJAJAJ mejor no te defiendas 🤣🤣,multilingual_paradetox_es,analysis,,la justificación pedorra jajajaj mejor no te defiendas 🤣🤣
Pero siguen estando ahí y recibiendo subvenciones de la ilesia y del estado FASCISTA,multilingual_paradetox_es,analysis,,pero siguen estando ahí y recibiendo subvenciones de la ilesia y del estado fascista
"Queremos más dominicanos y más moros, Sánchez trae más.!!!!",multilingual_paradetox_es,analysis,,"queremos más dominicanos y más moros, sánchez trae más.!!!!"
solo 4? maldito hijo de puta fascista,multilingual_paradetox_es,analysis,,solo 4? maldito hijo de puta fascista
por favor dejad en paz a mi amiga la subnormal de mierda,multilingual_paradetox_es,analysis,,por favor dejad en paz a mi amiga la subnormal de mierda
"Y una mierda. Vox dice fuera a la inmigración ilegal que comete delitos, y de ahí no pasa.",multilingual_paradetox_es,analysis,,"y una mierda. vox dice fuera a la inmigración ilegal que comete delitos, y de ahí no pasa."
¿A qué puta perra hora suben el link de #HTGAWM?,multilingual_paradetox_es,analysis,,¿a qué puta perra hora suben el link de #htgawm?
Trump provocando como un macarra de pacotilla   vía,multilingual_paradetox_es,analysis,,trump provocando como un macarra de pacotilla vía
"me parto eh jaja es que vaya subnormal enserio, esta sobrevaloradisimo este actor.",multilingual_paradetox_es,analysis,,"me parto eh jaja es que vaya subnormal enserio, esta sobrevaloradisimo este actor."
"Otro día de mierda, en éste mes de mierda, de éste año de mierda",multilingual_paradetox_es,analysis,,"otro día de mierda, en éste mes de mierda, de éste año de mierda"
ME JUEGAS PUTO RETO O COMO VA LA COSA PUTO RETRASADO,multilingual_paradetox_es,analysis,,me juegas puto reto o como va la cosa puto retrasado
Putos rojos de mierda subvencionando con 40 millones algo tan innecesario como la cultura #BoicotAlosGoya,multilingual_paradetox_es,analysis,,putos rojos de mierda subvencionando con 40 millones algo tan innecesario como la cultura #boicotalosgoya
Ya te he respondido subnormal,multilingual_paradetox_es,analysis,,ya te he respondido subnormal
"Tranquilízate tú, ya que se supone que eres analista deportivo, no comediante o payaso, aunque a veces parezca lo contrario.",multilingual_paradetox_es,analysis,,"tranquilízate tú, ya que se supone que eres analista deportivo, no comediante o payaso, aunque a veces parezca lo contrario."
La puta que frustración .,multilingual_paradetox_es,analysis,,la puta que frustración .
"Lee mongolo, lee. Deja de dar pena",multilingual_paradetox_es,analysis,,"lee mongolo, lee. deja de dar pena"
¡Es que hay zumos y zumos!,multilingual_paradetox_es,analysis,,¡es que hay zumos y zumos!
"Sólo me hacen encabronar, no debemos nada a Centroamérica ni los invasores para regalarles dinero.",multilingual_paradetox_es,analysis,,"sólo me hacen encabronar, no debemos nada a centroamérica ni los invasores para regalarles dinero."
Fuentes del gobierno me comentan que hay que aumentar el altavoz para llamar a que vengan mas a intentarlo,multilingual_paradetox_es,analysis,,fuentes del gobierno me comentan que hay que aumentar el altavoz para llamar a que vengan mas a intentarlo
"Y los mejores, y los más valientes. La vieja dixit",multilingual_paradetox_es,analysis,,"y los mejores, y los más valientes. la vieja dixit"
Los Reyes Magos JAJAJAJAJAJAJAJAJAJAJAJAJA  Puto retrasado #TierradeNadie10,multilingual_paradetox_es,analysis,,los reyes magos jajajajajajajajajajajajaja puto retrasado #tierradenadie10
jaja eso es mejor que ser maricon o comunista,multilingual_paradetox_es,analysis,,jaja eso es mejor que ser maricon o comunista
Lo que está claro es que ha llegado un ladrón menos.,multilingual_paradetox_es,analysis,,lo que está claro es que ha llegado un ladrón menos.
Jueves con J de mierda,multilingual_paradetox_es,analysis,,jueves con j de mierda
"Ahí ahí, protegiendo a tus niños. A los mejores. ¿A cuantos tienes metidos en casa?",multilingual_paradetox_es,analysis,,"ahí ahí, protegiendo a tus niños. a los mejores. ¿a cuantos tienes metidos en casa?"
nonono este 2020 se anda pasando de verga,multilingual_paradetox_es,analysis,,nonono este 2020 se anda pasando de verga
Los mierdas de ABC haciéndole campaña al Fracking.,multilingual_paradetox_es,analysis,,los mierdas de abc haciéndole campaña al fracking.
¿a que sigues los pasos del poeta maricon?,multilingual_paradetox_es,analysis,,¿a que sigues los pasos del poeta maricon?
Dale la vuelta a la camiseta y tienes el 6 del 6-1 de la REMONTADA MAMÓN!!!,multilingual_paradetox_es,analysis,,dale la vuelta a la camiseta y tienes el 6 del 6-1 de la remontada mamón!!!
"Solo vienen los mejores, los más valientes",multilingual_paradetox_es,analysis,,"solo vienen los mejores, los más valientes"
En el fondo me alegro por el subnormal de Emery.,multilingual_paradetox_es,analysis,,en el fondo me alegro por el subnormal de emery.
hijo de puta subnormal cabeza de polla gilipollas mental zoquete,multilingual_paradetox_es,analysis,,hijo de puta subnormal cabeza de polla gilipollas mental zoquete
"Gobierno de mierda""",multilingual_paradetox_es,analysis,,"gobierno de mierda"""
VIEJA PAYASA....................................... APARTA TU MIERDA DE MI MIERDA..................................... NO ME SEAS LOCA,multilingual_paradetox_es,analysis,,vieja payasa....................................... aparta tu mierda de mi mierda..................................... no me seas loca
Por que chingado los de Facebook tuvieron que hacer otra app para poder contestar mensajes 😡,multilingual_paradetox_es,analysis,,por que chingado los de facebook tuvieron que hacer otra app para poder contestar mensajes 😡
Nose que esperan para cerrar toda esa mierda,multilingual_paradetox_es,analysis,,nose que esperan para cerrar toda esa mierda
"A los machistas no les da miedo el feminismo, (muy machos ellos). Simplemente lo desprecian,.¡Imbéciles!.",multilingual_paradetox_es,analysis,,"a los machistas no les da miedo el feminismo, (muy machos ellos). simplemente lo desprecian,.¡imbéciles!."
Como puede ser un icono feminista una facha como ella?? 👀 estamos locos o qué?,multilingual_paradetox_es,analysis,,como puede ser un icono feminista una facha como ella?? 👀 estamos locos o qué?
"Basta ya hijos de las mil putas. Estáis agotando a la Afición, lo único digno que queda en el club.",multilingual_paradetox_es,analysis,,"basta ya hijos de las mil putas. estáis agotando a la afición, lo único digno que queda en el club."
"Para el podemitariado y los lobotomizados del noreste español, Cristina Pardo también es facha.",multilingual_paradetox_es,analysis,,"para el podemitariado y los lobotomizados del noreste español, cristina pardo también es facha."
Me confirman por aquí que mi padre es subnormal.,multilingual_paradetox_es,analysis,,me confirman por aquí que mi padre es subnormal.
Mire la saga de 50 sombras de Grey...casi todo eran.lectoras...les va el.morbillo no lo.nieguen,multilingual_paradetox_es,analysis,,mire la saga de 50 sombras de grey...casi todo eran.lectoras...les va el.morbillo no lo.nieguen
"This. Que puto asco de respuestas, sois repulsivos",multilingual_paradetox_es,analysis,,"this. que puto asco de respuestas, sois repulsivos"
"Solo la fe, el dogmatismo y la estupidez te pueden hacer votar a un elemento como este #SanchezVeteATuCasa",multilingual_paradetox_es,analysis,,"solo la fe, el dogmatismo y la estupidez te pueden hacer votar a un elemento como este #sanchezveteatucasa"
Hay un puto subnormal pitando en mi calle todo el puto rato,multilingual_paradetox_es,analysis,,hay un puto subnormal pitando en mi calle todo el puto rato
Dios mi madre es subnormal en serio,multilingual_paradetox_es,analysis,,dios mi madre es subnormal en serio
Un caracol inválido es más rápido que esta internet de mierda,multilingual_paradetox_es,analysis,,un caracol inválido es más rápido que esta internet de mierda
Aquí lo acogemos con los brazos abiertos y le damos una paguita vitalicia.,multilingual_paradetox_es,analysis,,aquí lo acogemos con los brazos abiertos y le damos una paguita vitalicia.
"tienen cojones pero huyen para que otros les REGALEN LA VIDA, un poco contradictorio no?",multilingual_paradetox_es,analysis,,"tienen cojones pero huyen para que otros les regalen la vida, un poco contradictorio no?"
"Pero que putas, maldita tensión rara entre Jaime y Brandon #GameofThrones #JaimeLannister",multilingual_paradetox_es,analysis,,"pero que putas, maldita tensión rara entre jaime y brandon #gameofthrones #jaimelannister"
Creo que deberían explotar este país de mierda,multilingual_paradetox_es,analysis,,creo que deberían explotar este país de mierda
El tonto de FC. ¿Con el PP no se podía abortar?,multilingual_paradetox_es,analysis,,el tonto de fc. ¿con el pp no se podía abortar?
Quien putas es Juan Sebastián?,multilingual_paradetox_es,analysis,,quien putas es juan sebastián?
"ha habido 6, no 5, 6.... Guti Guti Maricoooon, Maricoooon Maricoooooooon",multilingual_paradetox_es,analysis,,"ha habido 6, no 5, 6.... guti guti maricoooon, maricoooon maricoooooooon"
"Y lo dice un mongolo que se está forrando en la ""democrática"" Catar, para el parné no tiene problemas democráticos",multilingual_paradetox_es,analysis,,"y lo dice un mongolo que se está forrando en la ""democrática"" catar, para el parné no tiene problemas democráticos"
"Lo que no se es como no pone varias lineas de ferry,
2500 pavos cada uno y llenan.",multilingual_paradetox_es,analysis,,"lo que no se es como no pone varias lineas de ferry, 2500 pavos cada uno y llenan."
",, pin pon , todos los rojos delincuentes en sus ejercicio  ..",multilingual_paradetox_es,analysis,,",, pin pon , todos los rojos delincuentes en sus ejercicio .."
Ya empiezan los sinvergüenzas..  No faltes al respeto Rumano de mierda..,multilingual_paradetox_es,analysis,,ya empiezan los sinvergüenzas.. no faltes al respeto rumano de mierda..
"Que algún shur se ofrezca a llevarlos gratis, no vaya a ser que el precio sea un impedimento para nadie",multilingual_paradetox_es,analysis,,"que algún shur se ofrezca a llevarlos gratis, no vaya a ser que el precio sea un impedimento para nadie"
JAJAJAJAJJA Hostia puta que bueno JAJAJAJAJAJA,multilingual_paradetox_es,analysis,,jajajajajja hostia puta que bueno jajajajajaja
Tantos les cuesta entender simios de mierda,multilingual_paradetox_es,analysis,,tantos les cuesta entender simios de mierda
"Mejor obedecer a Soros que ser como VOX , el lacayo de Vladimir Putin ",multilingual_paradetox_es,analysis,,"mejor obedecer a soros que ser como vox , el lacayo de vladimir putin"
SALVEMOS A ESE ANIMAL DE LAS GARRAS ASESINAS Y FASCISTAS YA,multilingual_paradetox_es,analysis,,salvemos a ese animal de las garras asesinas y fascistas ya
"Perdón, que elite de mierda",multilingual_paradetox_es,analysis,,"perdón, que elite de mierda"
"Israelitas, chinos, moros, culés... así estaba el Bernabéu ese día, que daba entre pena y asco.",multilingual_paradetox_es,analysis,,"israelitas, chinos, moros, culés... así estaba el bernabéu ese día, que daba entre pena y asco."
menudos fachas xDDDDDDDDD HIJOS DE PUTA,multilingual_paradetox_es,analysis,,menudos fachas xddddddddd hijos de puta
Segurola es un subnormal desde el minuto 1.,multilingual_paradetox_es,analysis,,segurola es un subnormal desde el minuto 1.
Empiezo a sospechar que los traperos quieren competir con los youtubers para ver que grupo es más subnormal.,multilingual_paradetox_es,analysis,,empiezo a sospechar que los traperos quieren competir con los youtubers para ver que grupo es más subnormal.
"Debería darte vergüenza ofender las creencias de otras persona, intolerante fascista.",multilingual_paradetox_es,analysis,,"debería darte vergüenza ofender las creencias de otras persona, intolerante fascista."
Celebrando mas feliz una victoria del Barsa que una del Sevilla... Este subnormal no me representa como sevillista,multilingual_paradetox_es,analysis,,celebrando mas feliz una victoria del barsa que una del sevilla... este subnormal no me representa como sevillista
ahora ser liberal es de retrasado? pues eres un poco hipocrita y tonto amigo,multilingual_paradetox_es,analysis,,ahora ser liberal es de retrasado? pues eres un poco hipocrita y tonto amigo
¡Ese es mi Trump! 🇺🇸Que vean la galamierda los giligoyas y rojeras de los veinte duros ¡A mamarla!,multilingual_paradetox_es,analysis,,¡ese es mi trump! 🇺🇸que vean la galamierda los giligoyas y rojeras de los veinte duros ¡a mamarla!
Que arrechera esta economía de mierda,multilingual_paradetox_es,analysis,,que arrechera esta economía de mierda
Pura supervivencia. Me pones en riesgo? Te mato.,multilingual_paradetox_es,analysis,,pura supervivencia. me pones en riesgo? te mato.
"Así actúa la propaganda de la izquierda, como cualquier rancia dictadura",multilingual_paradetox_es,analysis,,"así actúa la propaganda de la izquierda, como cualquier rancia dictadura"
"Los mejores, los más valientes y preparados.",multilingual_paradetox_es,analysis,,"los mejores, los más valientes y preparados."
"Te quisiste Imponer Malparido INDIO ESCORIA 👈No Pudiste, La reunión va  En la OEA.",multilingual_paradetox_es,analysis,,"te quisiste imponer malparido indio escoria 👈no pudiste, la reunión va en la oea."
Yo quería ser main puta pero listisima para lo que se viene,multilingual_paradetox_es,analysis,,yo quería ser main puta pero listisima para lo que se viene
"lo que es curioso es que todos los imbeciles que llevan bandera podemita demuestra ser imbecil,con nota",multilingual_paradetox_es,analysis,,"lo que es curioso es que todos los imbeciles que llevan bandera podemita demuestra ser imbecil,con nota"
"Ojalá no salga por ahí algún juez de esos pendientes de joder todo a poner su demanda, asquerosos oportunistas 🖕👎",multilingual_paradetox_es,analysis,,"ojalá no salga por ahí algún juez de esos pendientes de joder todo a poner su demanda, asquerosos oportunistas 🖕👎"
Luego si empiezan a aparecer los cadáveres de esta basura alguien se echara las manos a la cabeza.,multilingual_paradetox_es,analysis,,luego si empiezan a aparecer los cadáveres de esta basura alguien se echara las manos a la cabeza.
Manda cojones que nos meta gol el subnormal de Paco Alcácer....,multilingual_paradetox_es,analysis,,manda cojones que nos meta gol el subnormal de paco alcácer....
"En 2013 Dalas ya se sabía que era retrasado, que cojones?!",multilingual_paradetox_es,analysis,,"en 2013 dalas ya se sabía que era retrasado, que cojones?!"
Luego se queja Neymar... valiente subnormal.,multilingual_paradetox_es,analysis,,luego se queja neymar... valiente subnormal.
Los canis del 2000 y posteriores son aún más gilipollas que los anteriores.,multilingual_paradetox_es,analysis,,los canis del 2000 y posteriores son aún más gilipollas que los anteriores.
"Viene a currar como el que mas, se le ve",multilingual_paradetox_es,analysis,,"viene a currar como el que mas, se le ve"
"6 años ha tardado en mostrarse el tarado mental más grande, bravo 👏",multilingual_paradetox_es,analysis,,"6 años ha tardado en mostrarse el tarado mental más grande, bravo 👏"
ya ves además a los policías nazis que tendrá esa en el whatsapp… como para creerse algo.,multilingual_paradetox_es,analysis,,ya ves además a los policías nazis que tendrá esa en el whatsapp… como para creerse algo.
"Son nuestros niños... ah no, que uno tiene 41 años. Da igual, son nuestros jóvenes.",multilingual_paradetox_es,analysis,,"son nuestros niños... ah no, que uno tiene 41 años. da igual, son nuestros jóvenes."
"En catalán se escribe Espanya. Para dárselas usted de ser periodista, no tieene usted puta idea de escribir.",multilingual_paradetox_es,analysis,,"en catalán se escribe espanya. para dárselas usted de ser periodista, no tieene usted puta idea de escribir."
por desgracia aún no entregan Goyas por el simple hecho de ser subnormal. Deberían empezar,multilingual_paradetox_es,analysis,,por desgracia aún no entregan goyas por el simple hecho de ser subnormal. deberían empezar
"A saber cuantos imbéciles recibieron dinero y sin hacer una mala película siquiera.""",multilingual_paradetox_es,analysis,,"a saber cuantos imbéciles recibieron dinero y sin hacer una mala película siquiera."""
"No se si me seguirá alguien católico, si es así, siento que seas tan ignorante.",multilingual_paradetox_es,analysis,,"no se si me seguirá alguien católico, si es así, siento que seas tan ignorante."
Cosas que me regala mi encargado marica diciéndome que es el minion de las BOLLERAS:,multilingual_paradetox_es,analysis,,cosas que me regala mi encargado marica diciéndome que es el minion de las bolleras:
Sin duda y durante los próximos meses con un email solucionan si no les llega,multilingual_paradetox_es,analysis,,sin duda y durante los próximos meses con un email solucionan si no les llega
"Haz que pase ya Pedro por Dios, porque a mí se me está haciendo eterno.",multilingual_paradetox_es,analysis,,"haz que pase ya pedro por dios, porque a mí se me está haciendo eterno."
"Será puerta abierta , inútiles fascistas embusteros miserables,no?",multilingual_paradetox_es,analysis,,"será puerta abierta , inútiles fascistas embusteros miserables,no?"
eso que llamas político del  no es un político es un ¨miserable profesional¨..,multilingual_paradetox_es,analysis,,eso que llamas político del no es un político es un ¨miserable profesional¨..
"No hay que indicar niña ""blanca española"" ni nada? ",multilingual_paradetox_es,analysis,,"no hay que indicar niña ""blanca española"" ni nada?"
"A esosmoros hay que echarlos pero ya.O los politicos hacen algo o la gente tendra que ""actuar""",multilingual_paradetox_es,analysis,,"a esosmoros hay que echarlos pero ya.o los politicos hacen algo o la gente tendra que ""actuar"""
"Tu lo que eres es subnormal, punto.",multilingual_paradetox_es,analysis,,"tu lo que eres es subnormal, punto."
Quien putas está RT esa mierda ?,multilingual_paradetox_es,analysis,,quien putas está rt esa mierda ?
Responde carajo ganster  de mierda.,multilingual_paradetox_es,analysis,,responde carajo ganster de mierda.
no soy del Celta subnormal. Ves como eres retrasado...,multilingual_paradetox_es,analysis,,no soy del celta subnormal. ves como eres retrasado...
"Si ese magrebi hubiera estado en su pais, podriamos haber evitado ese hecho.",multilingual_paradetox_es,analysis,,"si ese magrebi hubiera estado en su pais, podriamos haber evitado ese hecho."
Y el mamón se vuelve a París con dos palmos de narices,multilingual_paradetox_es,analysis,,y el mamón se vuelve a parís con dos palmos de narices
"ese tío no es un delicuente, en su cultura mayormente está admitido, lo que es, es un hijo de puta",multilingual_paradetox_es,analysis,,"ese tío no es un delicuente, en su cultura mayormente está admitido, lo que es, es un hijo de puta"
Si fuese verdad se lo estaría pagando el gobierno y les darían una paga para que no tengan problemas económicos.,multilingual_paradetox_es,analysis,,si fuese verdad se lo estaría pagando el gobierno y les darían una paga para que no tengan problemas económicos.
pues con lo puto retrasado que eres podría ser,multilingual_paradetox_es,analysis,,pues con lo puto retrasado que eres podría ser
"Cortocircuito buenrrollista, pobres inmigrantes vs chica atacada sexualmente.",multilingual_paradetox_es,analysis,,"cortocircuito buenrrollista, pobres inmigrantes vs chica atacada sexualmente."
"callate ya, subnormal, admite el PARTIDAZO como todos los madridistas, no que por rabia digais que ha sido robo, penosa.",multilingual_paradetox_es,analysis,,"callate ya, subnormal, admite el partidazo como todos los madridistas, no que por rabia digais que ha sido robo, penosa."
"Que asco da la gente homófoba, COMENTO. — MUCHO ASCO",multilingual_paradetox_es,analysis,,"que asco da la gente homófoba, comento. — mucho asco"
Nunca sean así de mierdas.,multilingual_paradetox_es,analysis,,nunca sean así de mierdas.
Cómo me alegro de la remontada por todos los madridistas insoportables y por el subnormal miarma de Emery!!,multilingual_paradetox_es,analysis,,cómo me alegro de la remontada por todos los madridistas insoportables y por el subnormal miarma de emery!!
"Si controlan mucho porque son dictadores, si no controlan son pelotudos.",multilingual_paradetox_es,analysis,,"si controlan mucho porque son dictadores, si no controlan son pelotudos."
"Potencialmente Sánchez es el que más daño puede hacer, primer psicopata que llega a ser presidente en España.",multilingual_paradetox_es,analysis,,"potencialmente sánchez es el que más daño puede hacer, primer psicopata que llega a ser presidente en españa."
"se tiene q ser subnormal profundo, pero como dice  este es la nueva manera de hacer periodismo. Pues ala",multilingual_paradetox_es,analysis,,"se tiene q ser subnormal profundo, pero como dice este es la nueva manera de hacer periodismo. pues ala"
"Yo lo se, los mismos fascistas corruptos ladrones que estan acabando con la Civilización en la Tierra",multilingual_paradetox_es,analysis,,"yo lo se, los mismos fascistas corruptos ladrones que estan acabando con la civilización en la tierra"
Jajajajajaja que Martin de mierda,multilingual_paradetox_es,analysis,,jajajajajaja que martin de mierda
"Donde esta el venezolano de mierda, donde",multilingual_paradetox_es,analysis,,"donde esta el venezolano de mierda, donde"
"#Lista Allanamientos, persecución y exilio: la aberración de #ANC contra diputados  `""",multilingual_paradetox_es,analysis,,"#lista allanamientos, persecución y exilio: la aberración de #anc contra diputados `"""
Por encima de la libertad de expresión está la libertad de callarse para no decir gilipolleces sin sentido,multilingual_paradetox_es,analysis,,por encima de la libertad de expresión está la libertad de callarse para no decir gilipolleces sin sentido
Ya decía yo que veía menos moros,multilingual_paradetox_es,analysis,,ya decía yo que veía menos moros
"Desde que los nazis falsificaron billetes en los campos,este es el peor ataque a la economia de un pais",multilingual_paradetox_es,analysis,,"desde que los nazis falsificaron billetes en los campos,este es el peor ataque a la economia de un pais"
"Estos fascistas de la oposición venezolana, y sus achichincles en España, tienen la suerte de que no somos como ellos.",multilingual_paradetox_es,analysis,,"estos fascistas de la oposición venezolana, y sus achichincles en españa, tienen la suerte de que no somos como ellos."
Que red social de mierda,multilingual_paradetox_es,analysis,,que red social de mierda
"Cogiendo el testigo de su colega,el mongolo Roncero. Vaya paga que tienes,carajaula",multilingual_paradetox_es,analysis,,"cogiendo el testigo de su colega,el mongolo roncero. vaya paga que tienes,carajaula"
"a la mierda directamente, OKUPAS en el gobierno.",multilingual_paradetox_es,analysis,,"a la mierda directamente, okupas en el gobierno."
"Este va para casa de que politicucho? ya esta adjudicado, o se lo rifan?",multilingual_paradetox_es,analysis,,"este va para casa de que politicucho? ya esta adjudicado, o se lo rifan?"
"Hable como Hernández, ya sabemos que podes hablar mierda en ese canal, NARCO ¿Seguridad?",multilingual_paradetox_es,analysis,,"hable como hernández, ya sabemos que podes hablar mierda en ese canal, narco ¿seguridad?"
Ahora me leo la secta que seguro que amplian información,multilingual_paradetox_es,analysis,,ahora me leo la secta que seguro que amplian información
"Vaya, el VOXtarra guardia que se da por aludido.",multilingual_paradetox_es,analysis,,"vaya, el voxtarra guardia que se da por aludido."
Disney se está riendo en vuestra puta cara,multilingual_paradetox_es,analysis,,disney se está riendo en vuestra puta cara
Buena gente acogemos en nuestro país. Traen lo mejorcito de la cultura de su país.,multilingual_paradetox_es,analysis,,buena gente acogemos en nuestro país. traen lo mejorcito de la cultura de su país.
